"source","feed","category","source_type","url","verified_at","latest_item_at","census_region","state_abbr","county","fips"
"Alaska Native News","Alaska Native News","local_news","news","https://alaska-native-news.com/feed/","2026-08-26T04:20:10.706474Z","2026-08-25T14:05:35Z","West","AK","Kenai Peninsula Borough","02122"
"Chilkat Valley News","Chilkat Valley News","local_news","news","https://www.chilkatvalleynews.com/feed/","2026-08-26T14:53:08.998106Z","2026-08-25T19:45:48Z","West","AK","Haines Borough","02100"
"Cordova Times","The Cordova Times","local_news","news","https://thecordovatimes.com/feed/","2026-08-26T04:20:27.677746Z","2026-08-25T21:05:46Z","West","AK","Chugach Census Area","02063"
"Delta Discovery","The Delta Discovery, Inc.","local_news","news","https://deltadiscovery.com/feed/","2026-08-26T14:53:09.025738Z","2026-08-01T00:43:55Z","West","AK","Bethel Census Area","02050"
"Frontiersman","Mat-Su Valley Frontiersman","local_news","news","https://www.frontiersman.com/latest/rss/","2026-08-26T14:53:09.040908Z",,"West","AK","Matanuska-Susitna Borough","02170"
"Homer News","Homer News","local_news","news","https://www.homernews.com/feed/","2026-08-26T15:07:08.214013Z","2026-08-26T11:30:00Z","West","AK","Kenai Peninsula Borough","02122"
"Juneau Empire","Juneau Empire","local_news","news","https://www.juneauempire.com/feed/","2026-08-26T15:07:08.185467Z","2026-08-26T11:30:00Z","West","AK","Juneau City and Borough","02110"
"Nome Nugget","The Nome Nugget","local_news","news","https://www.nomenugget.net/rss.xml","2026-08-26T04:20:29.207208Z","2026-08-21T17:06:47Z","West","AK","Nome Census Area","02180"
"Peninsula Clarion","Peninsula Clarion","local_news","news","https://www.peninsulaclarion.com/feed/","2026-08-26T15:07:08.736665Z","2026-08-26T11:30:00Z","West","AK","Kenai Peninsula Borough","02122"
"Petersburg Pilot","Petersburg Pilot - RSS Feed","local_news","news","https://www.petersburgpilot.com/rss","2026-08-26T15:28:11.816055Z","2026-08-20T13:32:00Z","West","AK","Petersburg Borough","02195"
"Petroleum News","Petroleum News - RSS Feed","local_news","news","https://www.petroleumnews.com/rss","2026-08-26T15:28:10.659204Z","2026-08-20T10:58:00Z","West","AK","Anchorage Municipality","02020"
"Seldovia Gazette","Seldovia.com","local_news","news","https://www.seldovia.com/feed/","2026-08-26T04:20:30.067302Z","2026-08-26T01:12:07Z","West","AK","Kenai Peninsula Borough","02122"
"Seward Phoenix Log","The Seward Phoenix Log","local_news","news","https://www.thesewardphoenixlog.com/feed/","2026-08-26T14:53:11.562742Z","2026-07-31T03:47:31Z","West","AK","Kenai Peninsula Borough","02122"
"Skagway News","The Skagway News","local_news","news","https://www.skagwaynews.com/feed.atom","2026-08-26T14:53:10.072526Z","2026-07-09T03:54:13Z","West","AK","Skagway Municipality","02230"
"Athens News Courier","Athens The News Courier","local_news","news","https://enewscourier.com/feed/","2026-08-26T15:07:20.003892Z","2026-08-26T12:30:53Z","South","AL","Limestone County","01083"
"Birmingham Times","The Birmingham Times","local_news","news","http://www.birminghamtimes.com/feed/","2026-08-26T04:20:32.739756Z","2026-08-26T01:50:35Z","South","AL","Jefferson County","01073"
"Call News","Call News","local_news","news","https://www.thecallnews.com/feed/","2026-08-26T04:20:33.894799Z","2026-08-25T14:32:25Z","South","AL","Mobile County","01097"
"Clarke County Democrat","Clarke County Democrat","local_news","news","https://www.clarkecountydemocrat.com/feed/","2026-08-26T15:07:19.984557Z","2026-08-19T16:25:00Z","South","AL","Clarke County","01025"
"Crimson White","The Crimson White","local_news","news","https://thecrimsonwhite.com/feed/","2026-08-26T14:53:13.463626Z","2026-08-24T02:45:06Z","South","AL","Tuscaloosa County","01125"
"Cullman Times","The Cullman Times","local_news","news","https://cullmantimes.com/feed/","2026-08-26T15:07:20.136028Z","2026-08-25T16:09:01Z","South","AL","Cullman County","01043"
"Daily Home","www.annistonstar.com - RSS Results in the_daily_home of type article","local_news","news","https://www.annistonstar.com/search/?f=rss&t=article&c=the_daily_home&l=50&s=start_time&sd=desc","2026-08-26T04:20:34.738109Z","2026-08-25T22:04:00Z","South","AL","Talladega County","01121"
"Eufaula Tribune","dothaneagle.com - RSS Results in news/community/eufaula-tribune of type article","local_news","news","https://dothaneagle.com/search/?f=rss&t=article&c=news/community/eufaula-tribune&l=50&s=start_time&sd=desc","2026-08-26T14:53:13.566107Z","2026-08-22T11:00:00Z","South","AL","Barbour County","01005"
"Franklin County Times","Franklin County Times","local_news","news","https://www.franklincountytimes.com/feed/","2026-08-26T15:07:20.668057Z","2026-08-26T11:03:50Z","South","AL","Franklin County","01059"
"Gadsden Messenger","Gadsden Messenger","local_news","news","https://gadsdenmessenger.com/feed/","2026-08-26T14:53:14.208503Z","2026-08-24T20:13:30Z","South","AL","Etowah County","01055"
"Hartselle Enquirer","hartselleenquirer","local_news","news","https://www.hartselleenquirer.com/feed/","2026-08-26T15:07:20.913882Z","2026-08-26T06:04:10Z","South","AL","Morgan County","01103"
"Huntsville Times","Alabama Media Group","local_news","news","https://www.alabamamediagroup.com/feed/","2026-08-26T14:53:14.237514Z","2026-07-30T15:45:13Z","South","AL","Madison County","01089"
"Madison Record","news","local_news","news","https://www.themadisonrecord.com/feed/","2026-08-26T15:07:24.828705Z","2026-08-26T11:05:40Z","South","AL","Limestone County","01083"
"Northwest Alabamian","Northwest Alabamian","local_news","news","https://mynwapaper.com/rss.xml","2026-08-26T14:53:15.127353Z","2026-08-26T14:12:52Z","South","AL","Winston County","01133"
"Over the Mountain Journal","Over the Mountain Journal","local_news","news","https://www.otmj.com/feed/","2026-08-26T14:53:15.127835Z","2026-08-24T17:46:42Z","South","AL","Jefferson County","01073"
"Randolph Leader","The Randolph Leader","local_news","news","https://www.therandolphleader.com/feed/","2026-08-26T14:53:16.602564Z","2026-08-25T23:05:49Z","South","AL","Randolph County","01111"
"South Alabamian","South Alabamian","local_news","news","https://www.southalabamian.com/feed/","2026-08-26T15:07:30.781888Z","2026-08-19T17:23:20Z","South","AL","Clarke County","01025"
"St. Clair News-Aegis","St. Clair News-Aegis","local_news","news","https://newsaegis.com/feed/","2026-08-26T15:07:30.958153Z","2026-08-25T09:55:54Z","South","AL","St. Clair County","01115"
"St. Clair Times","www.annistonstar.com - RSS Results in the_st_clair_times of type article","local_news","news","https://www.annistonstar.com/search/?f=rss&t=article&c=the_st_clair_times&l=50&s=start_time&sd=desc","2026-08-26T04:20:42.521967Z","2026-08-25T20:59:00Z","South","AL","St. Clair County","01115"
"Thomasville Times","Thomasville Times","local_news","news","https://www.thethomasvilletimes.com/feed/","2026-08-26T15:07:31.932658Z","2026-08-19T15:49:00Z","South","AL","Clarke County","01025"
"Times-Record","The Times-Record","local_news","news","https://mytrpaper.com/rss.xml","2026-08-26T14:53:17.977607Z","2026-08-25T15:44:36Z","South","AL","Fayette County","01057"
"Tropolitan","trop","local_news","news","https://www.tropnews.com/blog-feed.xml","2026-08-26T14:53:16.775344Z",,"South","AL","Pike County","01109"
"Area Wide News","Areawide News","local_news","news","https://www.areawidenews.com/feed/","2026-08-26T14:53:18.142681Z","2026-08-24T15:28:13Z","South","AR","Fulton County","05049"
"Arkansas Democrat Gazette","Arkansas Online stories","local_news","news","https://www.arkansasonline.com/rss/headlines/","2026-08-26T04:20:48.868732Z","2026-08-26T03:55:00Z","South","AR","Pulaski County","05119"
"Arkansas Times","Arkansas Times","local_news","news","https://arktimes.com/feed","2026-08-26T14:53:20.373047Z","2026-08-26T11:22:26Z","South","AR","Pulaski County","05119"
"Ashley News Observer","The Ashley News Observer","local_news","news","https://www.ashleynewsobserver.com/feed/","2026-08-26T14:53:18.486229Z","2026-08-26T05:00:00Z","South","AR","Ashley County","05003"
"Beebe News","Beebe News","local_news","news","https://beebenews.com/index.php/feed/","2026-08-26T14:53:18.723238Z","2026-08-26T14:09:48Z","South","AR","White County","05145"
"Clay County Times Democrat","Clay County Times Democrat","local_news","news","https://www.cctimesdemocrat.com/feed/","2026-08-26T14:53:20.438336Z","2026-08-26T11:01:00Z","South","AR","Clay County","05021"
"Daily Leader","Stuttgart Daily Leader","local_news","news","https://www.stuttgartdailyleader.com/feed/","2026-08-26T14:53:21.739105Z","2026-08-25T16:00:00Z","South","AR","Arkansas County","05001"
"DeWitt Era Enterprise","The Dewitt Era-Enterprise","local_news","news","https://dewitt-ee.com/feed.atom","2026-08-26T14:53:28.506898Z","2026-08-18T15:33:25Z","South","AR","Arkansas County","05001"
"Democrat Gazette","NWAonline stories","local_news","news","https://www.nwaonline.com/rss/headlines/","2026-08-26T04:20:52.004931Z","2026-08-26T03:55:00Z","South","AR","Benton County","05007"
"Eureka Springs Independent","Eureka Springs Independent","local_news","news","http://eureka.news/feed/","2026-08-26T04:20:49.972869Z","2026-08-26T04:09:18Z","South","AR","Carroll County","05015"
"Fairfield Bay News","Lake Area Weekly","local_news","news","https://fairfieldbaynews.com/feed/","2026-08-26T14:53:36.180640Z","2026-08-24T14:27:13Z","South","AR","Van Buren County","05141"
"Helena World","Helena World","local_news","news","https://www.helenaworld.org/blog-feed.xml","2026-08-26T14:53:23.197804Z",,"South","AR","Phillips County","05107"
"Herald Leader","Herald Leader stories","local_news","news","https://hl.nwaonline.com/rss/headlines/","2026-08-26T04:20:56.829548Z","2026-08-21T15:47:00Z","South","AR","Benton County","05007"
"Johnson County Graphic","The Johnson County Graphic","local_news","news","https://www.thegraphic.org/feed/","2026-08-26T04:20:56.834838Z","2026-08-25T14:31:13Z","South","AR","Johnson County","05071"
"Leader","The Arkansas Leader","local_news","news","https://www.arkansasleader.com/feed/","2026-08-26T15:07:35.146903Z","2026-08-26T06:01:16Z","South","AR","Pulaski County","05119"
"Mountaineer Echo","Mountain Echo","local_news","news","https://www.flippinonline.com/feed/","2026-08-26T14:53:25.206161Z","2026-08-19T23:01:00Z","South","AR","Marion County","05089"
"Murfreesboro Diamond","Southwest Arkansas News","local_news","news","https://swarkansasnews.com/feed/","2026-08-26T14:53:40.770814Z","2026-08-20T18:41:29Z","South","AR","Pike County","05109"
"Newport Daily Independent","www.jonesborosun.com - RSS Results in newport of type article","local_news","news","https://www.jonesborosun.com/search/?f=rss&t=article&c=newport&l=50&s=start_time&sd=desc","2026-08-26T14:53:38.568019Z","2026-08-25T12:41:00Z","South","AR","Jackson County","05067"
"Oracle Online","HSU Oracle - Marketing IA","local_news","news","https://hsuoracle.com/rss.xml","2026-08-26T14:53:39.721530Z","2026-08-25T08:12:00Z","South","AR","Clark County","05019"
"Pine Bluff Commercial","Pine Bluff Commercial","local_news","news","https://www.pbcommercial.com/feed/","2026-08-26T15:07:36.321561Z","2026-08-26T11:00:00Z","South","AR","Jefferson County","05069"
"Pocahontas Star Herald","Pocahontas Star Herald","local_news","news","https://www.starheraldnews.com/feed/","2026-08-26T14:53:39.196899Z","2026-08-26T11:01:00Z","South","AR","Randolph County","05121"
"Times Dispatch","www.jonesborosun.com - RSS Results in times_dispatch of type article","local_news","news","https://www.jonesborosun.com/search/?f=rss&t=article&c=times_dispatch&l=50&s=start_time&sd=desc","2026-08-26T14:53:41.703413Z","2026-08-26T10:00:00Z","South","AR","Lawrence County","05075"
"Times of Northeast Benton County","Pea Ridge Times stories","local_news","news","https://prt.nwaonline.com/rss/headlines/","2026-08-26T04:20:59.387586Z","2026-08-20T00:00:00Z","South","AR","Benton County","05007"
"Times-Herald","Times-Herald","local_news","news","https://thnews.com/feed/","2026-08-26T04:20:59.565069Z","2026-08-25T13:00:52Z","South","AR","St. Francis County","05123"
"Trucker","TheTrucker.com","local_news","news","https://www.thetrucker.com/feed","2026-08-26T14:53:40.730850Z","2026-08-26T13:30:44Z","South","AR","Pulaski County","05119"
"Washington Co. Enterprise-Leader","Washington County Enterprise-Leader stories","local_news","news","https://wcel.nwaonline.com/rss/headlines/","2026-08-26T04:20:59.311805Z","2026-08-19T19:05:00Z","South","AR","Washington County","05143"
"Weekly Vista","The Weekly Vista stories","local_news","news","https://bvwv.nwaonline.com/rss/headlines/","2026-08-26T04:20:58.515525Z","2026-08-26T00:00:00Z","South","AR","Benton County","05007"
"White River Current","The White River Current","local_news","news","https://www.whiterivercurrent.com/feed/","2026-08-26T14:53:42.405868Z","2026-08-24T20:04:03Z","South","AR","Izard County","05065"
"Arizona Capitol Times","Arizona Capitol Times","local_news","news","https://azcapitoltimes.com/feed/","2026-08-26T14:53:43.568100Z","2026-08-26T04:15:57Z","West","AZ","Maricopa County","04013"
"Arizona Newspapers Association","Arizona Media Association + Arizona Local News Foundation","local_news","news","https://azmedia.org/feed/","2026-08-26T14:53:43.525486Z","2026-08-11T18:12:16Z","West","AZ","Maricopa County","04013"
"Arizona Range News","www.myheraldreview.com - RSS Results in news/willcox of type article","local_news","news","https://www.myheraldreview.com/search/?f=rss&t=article&c=news/willcox&l=50&s=start_time&sd=desc","2026-08-26T14:53:43.619180Z","2026-08-25T19:15:00Z","West","AZ","Cochise County","04003"
"Bisbee Observer","The Bisbee Observer","local_news","news","https://thebisbeeobserver.com/feed/","2026-08-26T14:53:46.215845Z","2026-08-20T03:19:00Z","West","AZ","Cochise County","04003"
"Copper Area News","Copper Area News Publishers","local_news","news","https://copperarea.com/feed/","2026-08-26T14:53:44.834742Z","2026-08-19T18:10:32Z","West","AZ","Pinal County","04021"
"Frontdoors News","Frontdoors Media","local_news","news","https://frontdoorsmedia.com/feed/","2026-08-26T14:53:46.823833Z","2026-08-26T14:46:07Z","West","AZ","Maricopa County","04013"
"In Maricopa","InMaricopa.com","local_news","news","https://inmaricopa.com/feed/","2026-08-26T14:53:47.718125Z","2026-08-26T00:16:55Z","West","AZ","Pinal County","04021"
"New Times","Phoenix New Times","local_news","news","https://www.phoenixnewtimes.com/feed/","2026-08-26T04:21:05.620596Z","2026-08-25T22:59:49Z","West","AZ","Maricopa County","04013"
"San Pedro Valley News-Sun","www.myheraldreview.com - RSS Results in news/benson of type article","local_news","news","https://www.myheraldreview.com/search/?f=rss&t=article&c=news/benson&l=50&s=start_time&sd=desc","2026-08-26T14:53:49.124216Z","2026-08-26T00:50:00Z","West","AZ","Cochise County","04003"
"Sedona Red Rock News","Sedona Red Rock News","local_news","news","http://www.redrocknews.com/feed/","2026-08-26T14:54:00.666689Z","2026-08-26T14:00:00Z","West","AZ","Yavapai County","04025"
"Sedona.biz","Sedona.Biz - The Voice of Sedona and The Verde Valley","local_news","news","https://sedona.biz/feed/","2026-08-26T14:54:00.712564Z","2026-08-24T02:28:27Z","West","AZ","Yavapai County","04025"
"Tucson Weekly","Tucson Weekly","local_news","news","https://www.tucsonweekly.com/feed/","2026-08-26T14:54:01.284117Z","2026-08-25T23:24:20Z","West","AZ","Pima County","04019"
"Wildcat","The Daily Wildcat","local_news","news","https://wildcat.arizona.edu/feed/","2026-08-26T14:54:00.852367Z","2026-08-24T21:29:50Z","West","AZ","Pima County","04019"
"Alianza Metropolitan","Alianza News","local_news","news","https://alianzanews.com/feed/","2026-08-26T14:54:02.645440Z","2026-08-25T13:45:33Z","West","CA","Santa Clara County","06085"
"Almanac","The Almanac","local_news","news","https://www.almanacnews.com/feed/","2026-08-26T14:54:03.571135Z","2026-08-26T12:00:00Z","West","CA","San Mateo County","06081"
"Alpine Sun","The Alpine Sun","local_news","news","https://thealpinesun.com/feed/","2026-08-26T14:54:13.863435Z","2026-08-21T14:03:53Z","West","CA","San Diego County","06073"
"American River Messenger","American River Messenger |","local_news","news","https://www.americanrivermessenger.com/?format=atom","2026-08-26T14:54:03.961084Z","2026-08-25T23:00:51Z","West","CA","Sacramento County","06067"
"Anderson Valley Advertiser","Anderson Valley Advertiser","local_news","news","https://theava.com/feed","2026-08-26T04:21:12.936729Z","2026-08-25T14:44:09Z","West","CA","Sonoma County","06097"
"Arden Advocate","The Arden Advocate |","local_news","news","https://www.ardenadvocate.com/?format=atom","2026-08-26T14:54:08.288005Z","2026-08-25T23:00:51Z","West","CA","Yolo County","06113"
"Ark","The Ark","local_news","news","https://www.thearknewspaper.com/blog-feed.xml","2026-08-26T14:54:36.750618Z",,"West","CA","Marin County","06041"
"Asian Journal","Asian Journal News","local_news","news","https://asianjournal.com/feed/","2026-08-26T04:21:16.623466Z","2026-08-26T01:09:13Z","West","CA","Los Angeles County","06037"
"Auburn Sentinel","The Auburn Sentinel |","local_news","news","https://www.auburnsentinel.com/?format=atom","2026-08-26T14:54:10.356694Z","2026-08-25T20:33:15Z","West","CA","Placer County","06061"
"Bakersfield Californian","www.bakersfield.com - RSS Results in columnists*,entertainment*,news*,opinion*,sports* of type article OR collection OR video","local_news","news","https://www.bakersfield.com/search/?q=&s=start_time&sd=desc&c%5B%5D=columnists*,entertainment*,news*,opinion*,sports*&t=article,collection,video&f=rss&ips=640","2026-08-26T15:29:17.048560Z","2026-08-26T07:15:00Z","West","CA","Kern County","06029"
"Balita","balita.com","local_news","news","https://balita.com/feed/","2026-08-26T04:21:16.690332Z","2026-08-25T07:29:54Z","West","CA","Los Angeles County","06037"
"Bay View","San Francisco Bay View","local_news","news","http://sfbayview.com/feed/","2026-08-26T04:21:17.117537Z","2026-08-24T22:46:23Z","West","CA",,
"Benito Link","BenitoLink","local_news","news","https://benitolink.com/feed/","2026-08-26T14:54:36.785800Z","2026-08-26T12:00:00Z","West","CA","San Benito County","06069"
"Beverly Hills Courier","Beverly Hills Courier","local_news","news","https://beverlyhillscourier.com/feed/","2026-08-26T14:54:11.890014Z","2026-08-24T16:00:01Z","West","CA","Los Angeles County","06037"
"British Weekly","The British Weekly","local_news","news","https://www.british-weekly.com/?feed=rss2","2026-08-26T04:21:19.210232Z","2026-08-21T17:43:12Z","West","CA","Los Angeles County","06037"
"Burbank Leader","Burbank Leader","local_news","news","https://www.latimes.com/socal/burbank-leader/rss2.0.xml","2026-08-26T04:21:21.005389Z",,"West","CA","Los Angeles County","06037"
"Business Journal","San Diego Business Journal","local_news","news","https://sdbj.com/feed/","2026-08-26T14:54:37.980386Z","2026-08-26T12:05:52Z","West","CA","San Diego County","06073"
"CSU Bulldog","Bulldog News","local_news","news","https://bulldognews.net/feed/","2026-08-26T14:54:37.797461Z","2026-07-07T05:05:03Z","West","CA","Fresno County","06019"
"Calaveras Enterprise","Calaveras Enterprise","local_news","news","https://www.calaverasenterprise.com/feed/","2026-08-26T15:07:55.133065Z","2026-08-26T11:00:00Z","West","CA","Calaveras County","06009"
"California Newspaper Publishers Association","CNPA","local_news","news","https://cnpa.com/feed/","2026-08-26T14:54:38.818538Z","2026-06-29T20:40:45Z","West","CA","Yolo County","06113"
"Canyon News","Canyon News","local_news","news","https://www.canyon-news.com/feed/","2026-08-26T14:54:40.189404Z","2026-08-26T14:34:57Z","West","CA","Los Angeles County","06037"
"Capitol Weekly","Capitol Weekly","local_news","news","https://capitolweekly.net/feed/","2026-08-26T15:07:56.881020Z","2026-08-26T13:37:46Z","West","CA","Yolo County","06113"
"Carmichael Times","Carmichael Times | Carmichael and Sacramento County news events legal advertising obituaries and archives","local_news","news","https://www.carmichaeltimes.com/?format=atom","2026-08-26T14:54:38.137114Z","2026-08-25T23:00:51Z","West","CA","Sacramento County","06067"
"Catalina Islander","The Catalina Islander","local_news","news","https://thecatalinaislander.com/feed/","2026-08-26T14:54:47.591243Z","2026-08-21T21:15:23Z","West","CA","Los Angeles County","06037"
"Ceres Courier","Ceres Courier","local_news","news","https://www.cerescourier.com/rss/","2026-08-26T14:54:37.642909Z","2026-08-25T16:51:50Z","West","CA","Stanislaus County","06099"
"Change Links Progressive","Change-Links","local_news","news","https://change-links.org/feed/","2026-08-26T14:54:46.534753Z","2026-08-01T23:42:56Z","West","CA","Los Angeles County","06037"
"Chula Vista Star-News","The Star News","local_news","news","http://www.thestarnews.com/feed/","2026-08-26T04:21:22.742644Z","2026-08-23T17:00:00Z","West","CA","San Diego County","06073"
"Citrus Heights Messenger","Citrus Heights Messenger |","local_news","news","https://www.citrusheightsmessenger.com/?format=atom","2026-08-26T14:54:46.610961Z","2026-08-25T23:00:51Z","West","CA","Sacramento County","06067"
"City College of San Francisco Guardsman","The Guardsman","local_news","news","https://www.theguardsman.com/rss/","2026-08-26T14:54:38.428575Z",,"West","CA",,
"Claremont Courier","Claremont COURIER","local_news","news","https://claremontcourier.com/feed/","2026-08-26T14:54:48.590019Z","2026-08-25T16:49:56Z","West","CA","Los Angeles County","06037"
"Corning Observer","www.appeal-democrat.com - RSS Results in corning_observer of type article","local_news","news","https://www.appeal-democrat.com/search/?f=rss&t=article&c=corning_observer&l=50&s=start_time&sd=desc","2026-08-26T14:54:47.593150Z","2026-08-26T07:48:00Z","West","CA","Tehama County","06103"
"Cronicas","Cronicas","local_news","news","https://cronicasnewspaper.com/feed/","2026-08-26T14:54:49.501630Z","2026-08-26T09:00:22Z","West","CA","Napa County","06055"
"Cuestonian","The Cuestonian","local_news","news","http://cuestonian.com/feed/","2026-08-26T04:21:32.875751Z","2026-08-25T00:31:45Z","West","CA","San Luis Obispo County","06079"
"Culver City News","Culver City News","local_news","news","https://www.culvercitynews.org/feed/","2026-08-26T14:54:48.907844Z","2026-08-20T23:00:00Z","West","CA","Los Angeles County","06037"
"Culver City Observer","Culver City Observer - RSS Feed","local_news","news","https://www.culvercityobserver.com/rss","2026-08-26T15:29:20.790360Z","2026-08-25T09:14:00Z","West","CA","Los Angeles County","06037"
"Cypress Chronicle","The Cypress Chronicle - A First Amendment Publication in Cypress, California","local_news","news","https://cychron.cypresscollege.edu/feed/","2026-08-26T14:54:53.726337Z","2026-05-30T01:44:36Z","West","CA","Orange County","06059"
"Daily Aztec","The Daily Aztec","local_news","news","https://thedailyaztec.com/feed/","2026-08-26T04:21:33.318943Z","2026-08-24T15:00:17Z","West","CA","San Diego County","06073"
"Daily News","Paso Robles Daily News","local_news","news","https://pasoroblesdailynews.com/feed/","2026-08-26T04:21:33.736823Z","2026-08-25T14:33:17Z","West","CA","San Luis Obispo County","06079"
"Daily Pilot","Daily Pilot - Los Angeles Times","local_news","news","https://www.latimes.com/socal/daily-pilot/index.rss","2026-08-26T14:54:53.133319Z",,"West","CA","Orange County","06059"
"Daily Press","SMDP","local_news","news","https://www.smdp.com/rss/","2026-08-26T04:21:35.525550Z",,"West","CA","Los Angeles County","06037"
"Daily Variety","Variety","local_news","news","https://variety.com/feed/","2026-08-26T14:54:54.329777Z","2026-08-26T14:40:00Z","West","CA","Los Angeles County","06037"
"Del Norte Daily Triplicate","Del Norte Triplicate - Latest Articles","local_news","news","https://triplicate.com/rss.xml","2026-08-26T14:54:53.610319Z",,"West","CA","Del Norte County","06015"
"Dia a Dia News","Dia a Dia News","local_news","news","https://diaadianews.com/feed/","2026-08-26T04:21:38.276394Z","2026-08-25T20:33:27Z","West","CA","Los Angeles County","06037"
"Eagle","napavalleyregister.com - RSS Results in eagle of type article","local_news","news","https://napavalleyregister.com/search/?f=rss&t=article&c=eagle&l=50&s=start_time&sd=desc","2026-08-26T04:21:38.308119Z","2026-08-24T22:00:00Z","West","CA","Napa County","06055"
"East Bay Express","East Bay Express | Oakland, Berkeley & Alameda","local_news","news","https://eastbayexpress.com/feed/","2026-08-26T14:55:02.063733Z","2026-08-25T23:00:00Z","West","CA","Alameda County","06001"
"East County Californian","The East County Californian","local_news","news","https://eccalifornian.com/feed/","2026-08-26T14:55:02.129907Z","2026-08-23T08:00:24Z","West","CA","San Diego County","06073"
"East County Magazine","East County Magazine","local_news","news","https://eastcountymagazine.org/feed/","2026-08-26T14:54:53.735373Z","2026-08-26T02:54:16Z","West","CA","San Diego County","06073"
"Easy Reader","Easy Reader & Peninsula","local_news","news","https://easyreadernews.com/feed/","2026-08-26T04:21:42.420088Z","2026-08-25T17:44:16Z","West","CA","Los Angeles County","06037"
"El Latino San Diego","El Latino","local_news","news","https://ellatinoonline.com/feed/","2026-08-26T14:54:54.679379Z","2026-08-26T01:00:18Z","West","CA","San Diego County","06073"
"El Observador","El Observador","local_news","news","https://el-observador.com/feed/","2026-08-26T14:55:02.430441Z","2026-08-21T14:19:15Z","West","CA",,
"El Popular Bakersfield","El Popular","local_news","news","https://elpopularnews.com/feed/","2026-08-26T14:54:57.823101Z","2026-08-25T21:42:30Z","West","CA","Kern County","06029"
"El Reportero","ElReporterosf.com","local_news","news","https://elreporterosf.com/language/en/feed/","2026-08-26T14:54:59.060591Z","2026-08-21T22:46:02Z","West","CA",,
"El Vaquero","El Vaquero","local_news","news","https://elvaq.com/feed/","2026-08-26T04:21:41.527365Z","2026-06-06T21:04:11Z","West","CA","Los Angeles County","06037"
"Elk Grove Citizen","Elk Grove Citizen |","local_news","news","https://www.egcitizen.com/?format=atom","2026-08-26T14:55:02.156473Z","2026-08-25T23:24:25Z","West","CA","Sacramento County","06067"
"Escalon Times","Escalon Times","local_news","news","https://www.escalontimes.com/rss/","2026-08-26T14:55:02.960436Z","2026-08-26T04:26:23Z","West","CA","San Joaquin County","06077"
"Foothills Sun Gazette","The Sun-Gazette Newspaper","local_news","news","https://thesungazette.com/feed/","2026-08-26T04:21:48.187188Z","2026-08-25T22:30:34Z","West","CA","Tulare County","06107"
"Fullerton Observer","Fullerton Observer","local_news","news","https://fullertonobserver.com/feed/","2026-08-26T14:55:03.491434Z","2026-08-26T14:20:07Z","West","CA","Orange County","06059"
"Galt Herald","Galt Herald |","local_news","news","https://www.galtherald.com/?format=atom","2026-08-26T14:55:04.089053Z","2026-08-25T23:24:25Z","West","CA","Sacramento County","06067"
"Gardena Valley News","Gardena Valley News","local_news","news","https://gardenavalleynews.org/feed/","2026-08-26T14:55:03.818912Z","2026-08-20T23:00:11Z","West","CA","Los Angeles County","06037"
"Gilroy Dispatch","Gilroy Dispatch | Gilroy, California","local_news","news","https://gilroydispatch.com/feed/","2026-08-26T14:55:05.883342Z","2026-08-25T22:11:22Z","West","CA","Santa Clara County","06085"
"Glendale News Press","Glendale News-Press","local_news","news","https://www.latimes.com/socal/glendale-news-press/rss2.0.xml","2026-08-26T04:21:49.483401Z",,"West","CA","Los Angeles County","06037"
"Gold River Messenger","Gold River Messenger |","local_news","news","https://www.goldrivermessenger.com/?format=atom","2026-08-26T14:55:08.258794Z","2026-08-25T23:00:51Z","West","CA","Sacramento County","06067"
"Gonzales Tribune","Salinas Valley Tribune | Gonzales, Soledad, Greenfield CA","local_news","news","https://salinasvalleytribune.com/feed/","2026-08-26T14:55:10.505991Z","2026-08-24T16:00:00Z","West","CA","Monterey County","06053"
"Good Times Santa Cruz","Good Times","local_news","news","https://www.goodtimes.sc/feed/","2026-08-26T14:55:08.138900Z","2026-08-26T07:55:00Z","West","CA","Santa Cruz County","06087"
"Grapevine Independent","Rancho Cordova Independent |","local_news","news","https://www.ranchocordovaindependent.com/?format=atom","2026-08-26T14:55:07.762507Z","2026-08-25T23:00:51Z","West","CA","Sacramento County","06067"
"Graphic Weekly","Pepperdine Graphic","local_news","news","http://pepperdine-graphic.com/feed/","2026-08-26T04:21:51.489502Z","2026-08-24T03:01:32Z","West","CA","Los Angeles County","06037"
"Gridley Herald","The Gridley News |","local_news","news","https://www.gridleyherald.com/?format=rss","2026-08-26T14:55:08.500815Z","2026-08-25T17:06:08Z","West","CA","Butte County","06007"
"Highlander","gohighlanders.com","local_news","news","https://gohighlanders.com/api/v2/rss/xml","2026-08-26T15:29:23.980150Z",,"West","CA","Riverside County","06065"
"Hispanos Unidos","Hispanos News","local_news","news","http://hispanosnews.com/feed/","2026-08-26T14:55:08.913823Z","2026-08-22T03:39:17Z","West","CA","San Diego County","06073"
"Hollywood Reporter","The Hollywood Reporter","local_news","news","https://www.hollywoodreporter.com/feed/","2026-08-26T14:55:11.563556Z","2026-08-26T14:51:14Z","West","CA","Los Angeles County","06037"
"Holtville Tribune","Holtville Tribune","local_news","news","https://holtvilletribune.com/feed/","2026-08-26T04:21:51.499278Z","2026-08-20T03:39:31Z","West","CA","Imperial County","06025"
"Idyllwild Town Crier","Idyllwild Town Crier","local_news","news","http://idyllwildtowncrier.com/feed/","2026-08-26T04:21:58.384688Z","2026-08-20T00:49:24Z","West","CA","Riverside County","06065"
"Independent","News","local_news","news","https://www.latimes.com/socal/daily-pilot/news/rss2.0.xml","2026-08-26T04:21:58.388948Z",,"West","CA","Orange County","06059"
"Independent","The Santa Barbara Independent","local_news","news","https://www.independent.com/feed/","2026-08-26T14:55:16.897386Z","2026-08-26T03:48:57Z","West","CA","Santa Barbara County","06083"
"Inland Empire Business Journal","Inland Empire Business Journal","local_news","news","https://iebizjournal.com/feed/","2026-08-26T14:55:13.282046Z","2026-08-07T00:10:07Z","West","CA","San Bernardino County","06071"
"Investor's Business Daily","Investor's Business Daily","local_news","news","https://www.investors.com/feed/","2026-08-26T15:08:03.616987Z","2026-08-26T15:03:47Z","West","CA","Los Angeles County","06037"
"Jewish Journal of Greater LA","Jewish Journal","local_news","news","https://jewishjournal.com/feed/","2026-08-26T14:55:12.249687Z","2026-08-26T09:47:45Z","West","CA","Los Angeles County","06037"
"Jewish News Weekly","J.","local_news","news","https://jweekly.com/feed/","2026-08-26T14:55:18.449211Z","2026-08-25T21:34:32Z","West","CA",,
"King City Rustler","The King City Rustler | Your Local News Source in King City, California","local_news","news","https://kingcityrustler.com/feed/","2026-08-26T14:55:24.303204Z","2026-08-24T15:45:00Z","West","CA","Monterey County","06053"
"La Canada Valley Sun","La Ca&ntilde;ada News - LA Canada","local_news","news","https://lacanadaonline.com/rss2.0.xml","2026-08-26T14:55:24.336093Z",,"West","CA","Orange County","06059"
"La Oferta","La Oferta","local_news","news","https://laoferta.com/feed/","2026-08-26T04:22:01.388246Z","2026-08-19T17:30:21Z","West","CA","Santa Clara County","06085"
"La Opinion","La Opinion","local_news","news","https://laopinion.com/feed/","2026-08-26T04:21:59.696711Z","2026-08-26T04:18:37Z","West","CA","Los Angeles County","06037"
"La Prensa","LaPrensa.org rss","local_news","news","https://laprensa.org/rss.xml","2026-08-26T15:18:20.150331Z",,"West","CA","San Diego County","06073"
"La Voz","La Voz News","local_news","news","https://lavozdeanza.com/feed/","2026-08-26T04:22:02.497479Z","2026-07-31T20:05:02Z","West","CA","Santa Clara County","06085"
"Lake County News","Home - Lake County News,California","local_news","news","https://lakeconews.com/?format=feed&type=atom","2026-08-26T14:55:25.259890Z","2026-08-26T07:44:47Z","West","CA","Lake County","06033"
"Larchmont Chronicle","Larchmont Chronicle","local_news","news","https://larchmontchronicle.com/feed/","2026-08-26T14:55:25.913808Z","2026-07-30T13:05:37Z","West","CA","Los Angeles County","06037"
"Latino Times","Latino Times","local_news","news","https://www.latinotimes.org/feed/","2026-08-26T14:55:26.650227Z","2026-08-10T02:52:56Z","West","CA","San Joaquin County","06077"
"Long Beach Business Jrnl","Long Beach Business Journal","local_news","news","https://lbbusinessjournal.com/feed/","2026-08-26T14:55:28.058040Z","2026-08-20T21:32:39Z","West","CA","Los Angeles County","06037"
"Long Beach Post","Long Beach Post","local_news","news","https://lbpost.com/feed/","2026-08-26T14:55:27.240367Z","2026-08-26T13:00:00Z","West","CA","Los Angeles County","06037"
"Los Angeles Business Journal","Los Angeles Business Journal","local_news","news","https://labusinessjournal.com/feed/","2026-08-26T14:55:26.108175Z","2026-08-25T01:56:58Z","West","CA","Los Angeles County","06037"
"Los Angeles Times","News from California, across the nation and world - Los Angeles Times","local_news","news","https://www.latimes.com/rss2.0.xml","2026-08-26T04:22:04.245904Z",,"West","CA","Los Angeles County","06037"
"Los Banos Enterprise","Los Banos Enterprise","local_news","news","https://losbanosenterprise.com/feed/","2026-08-26T14:55:30.250771Z","2026-08-26T14:00:00Z","West","CA","Merced County","06047"
"Los Cerritos Community News","Los Cerritos Community News","local_news","news","http://www.loscerritosnews.net/feed/","2026-08-26T04:22:05.200096Z","2026-08-25T18:18:52Z","West","CA","Los Angeles County","06037"
"Mad River Union","Mad River Union","local_news","news","https://www.madriverunion.com/feed/","2026-08-26T04:22:06.869502Z","2026-08-20T10:00:00Z","West","CA","Humboldt County","06023"
"Madera Tribune","The Madera Tribune","local_news","news","https://maderatribune.com/feed/","2026-08-26T04:22:06.597895Z","2026-08-26T00:57:16Z","West","CA","Madera County","06039"
"Manteca Bulletin","Manteca Bulletin","local_news","news","https://www.mantecabulletin.com/rss/","2026-08-26T14:55:30.250771Z","2026-08-26T08:38:17Z","West","CA","San Joaquin County","06077"
"Marina Del Rey Argonaut","Argonaut Newspaper","local_news","news","https://www.argonautnewspaper.com/feed/","2026-08-26T14:55:33.509199Z","2026-08-13T19:13:10Z","West","CA","Los Angeles County","06037"
"Mariposa Gazette","Mariposa Gazette","local_news","news","https://www.mariposagazette.com/feed/","2026-08-26T15:08:07.801525Z","2026-08-20T17:00:00Z","West","CA","Mariposa County","06043"
"Martinez News-Gazette","Martinez News-Gazette","local_news","news","https://martinezgazette.com/feed/","2026-08-26T04:22:09.739492Z","2026-08-17T20:30:35Z","West","CA","Contra Costa County","06013"
"Metro","Metro Silicon Valley | Silicon Valley's Leading Weekly","local_news","news","https://www.metrosiliconvalley.com/feed/","2026-08-26T14:55:32.007577Z","2026-08-25T23:30:00Z","West","CA","Santa Clara County","06085"
"Mid Valley News","The Mid Valley News","local_news","news","https://midvalleynews.com/feed/","2026-08-26T04:22:09.814826Z","2026-08-12T01:34:00Z","West","CA","Los Angeles County","06037"
"Military Press","Military Press","local_news","news","http://www.militarypress.com/feed/","2026-08-26T04:22:12.197158Z","2026-08-24T16:05:15Z","West","CA","San Diego County","06073"
"Mission Times Courier","Times of San Diego","local_news","news","https://timesofsandiego.com/feed/","2026-08-26T14:54:36.736929Z","2026-08-26T14:12:49Z","West","CA","San Diego County","06073"
"Modoc County Record","Modoc Record","local_news","news","https://modocrecord.com/feed/","2026-08-26T14:55:34.416291Z","2026-08-21T05:53:39Z","West","CA","Modoc County","06049"
"Moorpark Acorn","Moorpark Acorn","local_news","news","https://www.mpacorn.com/feed/","2026-08-26T15:08:09.062970Z","2026-08-21T19:00:00Z","West","CA",,
"Morgan Hill Times","Morgan Hill Times | Morgan Hill, San Martin, CA","local_news","news","https://morganhilltimes.com/feed/","2026-08-26T14:55:34.471670Z","2026-08-26T00:04:22Z","West","CA","Santa Clara County","06085"
"Mountain View Voice","Mountain View Voice","local_news","news","https://www.mv-voice.com/feed/","2026-08-26T14:55:35.974647Z","2026-08-26T12:00:00Z","West","CA","Santa Clara County","06085"
"Mustang Daily","Mustang News","local_news","news","https://mustangnews.net/feed/","2026-08-26T14:55:38.917861Z","2026-08-25T02:03:31Z","West","CA","San Luis Obispo County","06079"
"NOOZHAWK","Noozhawk","local_news","news","https://www.noozhawk.com/feed/","2026-08-26T14:55:36.961136Z","2026-08-26T07:01:00Z","West","CA","Santa Barbara County","06083"
"New Times Weekly","New Times San Luis Obispo","local_news","news","https://www.newtimesslo.com/feed/","2026-08-26T14:55:37.425785Z","2026-08-20T11:19:00Z","West","CA","San Luis Obispo County","06079"
"New University","New University | UC Irvine","local_news","news","https://newuniversity.org/feed/","2026-08-26T04:22:20.961018Z","2026-08-25T03:10:49Z","West","CA","Orange County","06059"
"News Center","UC San Francisco","local_news","news","https://www.ucsf.edu/rss.xml","2026-08-26T15:18:49.453545Z","2026-08-25T16:22:51Z","West","CA","San Francisco County","06075"
"Nexus","The Daily Nexus","local_news","news","https://dailynexus.com/feed/","2026-08-26T15:08:08.843705Z","2026-08-22T18:15:43Z","West","CA","Santa Barbara County","06083"
"NikkeiWest","Nikkei West","local_news","news","https://nikkeiwest.org/feed/","2026-08-26T14:55:36.037048Z","2026-06-25T09:45:46Z","West","CA","Santa Clara County","06085"
"North Bay Bohemian","Bohemian | Sonoma & Napa Counties","local_news","news","https://bohemian.com/feed/","2026-08-26T04:22:22.270110Z","2026-08-26T04:06:23Z","West","CA","Sonoma County","06097"
"North Coast Journal","North Coast Journal","local_news","news","https://www.northcoastjournal.com/feed/","2026-08-26T14:55:38.871264Z","2026-08-25T15:24:00Z","West","CA","Humboldt County","06023"
"North County Messenger","The North County Messenger |","local_news","news","https://www.northcountymessenger.com/?format=atom","2026-08-26T14:55:34.892574Z","2026-08-25T23:00:51Z","West","CA","Sacramento County","06067"
"OC Business Journal","Orange County Business Journal","local_news","news","https://www.ocbj.com/feed/","2026-08-26T14:55:39.869204Z","2026-08-25T23:37:49Z","West","CA","Orange County","06059"
"Oakdale Leader","Oakdale Leader","local_news","news","https://www.oakdaleleader.com/rss/","2026-08-26T14:55:39.952991Z","2026-08-26T04:02:53Z","West","CA","Stanislaus County","06099"
"Orange County Weekly","OC Weekly","local_news","news","https://www.ocweekly.com/feed/","2026-08-26T14:55:40.939930Z","2026-08-13T23:19:22Z","West","CA","Orange County","06059"
"Orangevale Sun","The Orangevale Sun |","local_news","news","https://www.orangevalesun.com/?format=atom","2026-08-26T14:55:38.944238Z","2026-08-25T23:00:51Z","West","CA","Sacramento County","06067"
"Orion","The Orion","local_news","news","https://theorion.com/feed/","2026-08-26T04:22:23.326878Z","2026-08-24T19:30:47Z","West","CA","Butte County","06007"
"PCC Courier","PCC Courier","local_news","news","https://pcccourier.com/feed","2026-08-26T04:22:27.326555Z","2026-06-09T09:04:57Z","West","CA","Los Angeles County","06037"
"Pacific Citizen","Pacific Citizen","local_news","news","http://www.pacificcitizen.org/feed/","2026-08-26T04:22:23.747391Z","2026-08-14T19:02:27Z","West","CA","Los Angeles County","06037"
"Pacific Sun","Pacific Sun | Marin County, California","local_news","news","https://pacificsun.com/feed/","2026-08-26T04:22:25.965228Z","2026-08-25T23:04:12Z","West","CA","Marin County","06041"
"Pakistan Times USA","Pakistan Times USA","local_news","news","https://pakistantimesusa.net/?feed=rss2","2026-08-26T14:55:44.355128Z","2026-08-25T06:48:12Z","West","CA",,
"Palisadian Post","Palisadian-Post","local_news","news","https://palipost.com/feed/","2026-08-26T14:55:46.233570Z","2026-08-26T07:10:00Z","West","CA","Los Angeles County","06037"
"Palo Alto Online","Palo Alto Online","local_news","news","https://www.paloaltoonline.com/feed/","2026-08-26T14:55:44.439915Z","2026-08-26T12:00:00Z","West","CA","Santa Clara County","06085"
"Paramount Journal","Paramount Journal","local_news","news","https://paramountjournal.org/feed/","2026-08-26T14:55:44.240604Z","2026-08-24T18:13:09Z","West","CA","Los Angeles County","06037"
"Park LaBrea/Beverly Press","Beverly Press & Park Labrea News","local_news","news","https://beverlypress.com/feed/","2026-08-26T04:22:27.948307Z","2026-08-20T17:20:23Z","West","CA","Los Angeles County","06037"
"Pasadena Independent","Pasadena Independent - Hey SoCal. Change is our intention.","local_news","news","https://heysocal.com/category/neighborhood/san-gabriel-valley/pasadenaindependent/feed/","2026-08-26T14:55:49.780307Z","2026-08-20T18:43:41Z","West","CA","Los Angeles County","06037"
"Periodico Miniondas","Miniondas","local_news","news","https://miniondas.com/feed/","2026-08-26T04:22:29.293009Z","2026-08-20T21:23:33Z","West","CA","Orange County","06059"
"Perris Progress & Perris City News","Zapinin","local_news","news","https://zapinin.com/feed/","2026-08-26T14:55:46.478668Z","2026-08-25T20:26:02Z","West","CA","Riverside County","06065"
"Philippine News","PHILIPPINE NEWS TODAY -Filipino News from the Philippine and the World","local_news","news","https://www.philippinenews.com/feed/","2026-08-26T14:55:46.112840Z","2026-08-24T04:29:21Z","West","CA",,
"Pleasanton Weekly","Pleasanton Weekly","local_news","news","https://www.pleasantonweekly.com/feed/","2026-08-26T14:55:52.756925Z","2026-08-26T12:00:00Z","West","CA","Alameda County","06001"
"Point Reyes Light","Point Reyes Light","local_news","news","https://www.ptreyeslight.com/feed/","2026-08-26T14:55:52.783356Z","2026-08-22T17:21:36Z","West","CA","Marin County","06041"
"Post News Group","Post News Group","local_news","news","https://www.postnewsgroup.com/feed/","2026-08-26T04:22:30.746487Z","2026-08-20T09:46:07Z","West","CA","Alameda County","06001"
"Precinct Reporter","Precinct Reporter Group News","local_news","news","https://precinctreporter.com/feed/","2026-08-26T14:55:52.717750Z","2026-08-20T06:40:11Z","West","CA","San Bernardino County","06071"
"Press Tribune","The Press Tribune","local_news","news","https://www.thepresstribune.com/feed/","2026-08-26T14:55:53.957747Z","2026-08-24T14:49:43Z","West","CA","Placer County","06061"
"Rafu Shimpo","Rafu Shimpo","local_news","news","https://rafu.com/feed/","2026-08-26T04:22:31.760343Z","2026-08-25T23:23:07Z","West","CA","Los Angeles County","06037"
"Random Lengths News","Random Lengths News","local_news","news","http://www.randomlengthsnews.com/feed","2026-08-26T04:22:33.645713Z","2026-08-25T20:24:47Z","West","CA","Los Angeles County","06037"
"Rialto Record","IE COMMUNITY NEWS","local_news","news","https://iecn.com/feed/","2026-08-26T04:22:33.863139Z","2026-08-24T19:43:32Z","West","CA","San Bernardino County","06071"
"Rossmoor News","Rossmoor News","local_news","news","https://www.rossmoornews.com/rss","2026-08-26T15:29:58.965936Z",,"West","CA","Contra Costa County","06013"
"San Francisco Bay Guardian","San Francisco Bay Guardian","local_news","news","https://www.sfbg.com/feed/","2026-08-26T14:56:00.290139Z","2026-08-09T00:19:22Z","West","CA",,
"San Quentin News","San Quentin News","local_news","news","https://sanquentinnews.com/feed/","2026-08-26T14:55:59.990851Z","2026-08-20T00:21:41Z","West","CA","Marin County","06041"
"SanDiego.com","San Diego","local_news","news","https://sandiego.com/feed/","2026-08-26T15:08:28.512475Z","2026-08-11T14:36:33Z","West","CA","San Diego County","06073"
"Santa Barbara News Press","Santa Barbara News-Press","local_news","news","https://www.newspress.com/feed/","2026-08-26T14:56:01.011006Z","2026-08-26T09:10:16Z","West","CA","Santa Barbara County","06083"
"Santa Maria Sun","Santa Maria Sun","local_news","news","https://www.santamariasun.com/feed/","2026-08-26T14:56:01.779062Z","2026-08-20T09:34:39Z","West","CA","Santa Barbara County","06083"
"Santa Monica Mirror","Santa Monica Mirror","local_news","news","https://smmirror.com/feed/","2026-08-26T04:22:38.240839Z","2026-08-25T15:05:21Z","West","CA","Los Angeles County","06037"
"Santa Monica Observer","Santa Monica Observer - RSS Feed","local_news","news","https://www.smobserved.com/rss","2026-08-26T15:30:00.189224Z","2026-08-25T19:53:00Z","West","CA","Los Angeles County","06037"
"Santa Monica Star","The Santa Monica Star","local_news","news","https://www.thesantamonicastar.com/feed/","2026-08-26T14:56:05.587804Z","2026-08-06T18:03:31Z","West","CA","Los Angeles County","06037"
"Santa Paula Times","Santa Paula Times","local_news","news","http://www.santapaulatimes.com/news/rss.php/rss.xml","2026-08-26T04:22:38.193840Z",,"West","CA","Ventura County","06111"
"Sausalito Marin Scope","Marin Scope","local_news","news","https://www.marinscope.com/feed","2026-08-26T14:55:30.928481Z","2026-06-28T04:28:35Z","West","CA","Marin County","06041"
"Scotts Valley Banner","Press Banner | Scotts Valley, CA","local_news","news","https://pressbanner.com/feed/","2026-08-26T14:56:05.165128Z","2026-08-21T15:00:00Z","West","CA","Santa Cruz County","06087"
"Seal Beach Sun","Sun Newspapers","local_news","news","https://www.sunnews.org/feed/","2026-08-26T04:22:47.316933Z","2026-08-20T21:34:32Z","West","CA","Orange County","06059"
"Shafter Press","Shafter Press","local_news","news","https://shafterpress.net/feed/","2026-08-26T14:56:05.751062Z","2026-08-22T23:35:40Z","West","CA","Kern County","06029"
"Simi Valley Acorn","Simi Valley Acorn","local_news","news","https://www.simivalleyacorn.com/feed/","2026-08-26T15:08:29.186049Z","2026-08-21T19:00:00Z","West","CA",,
"Sonoma Valley Sun","Sonoma Valley Sun","local_news","news","https://sonomasun.com/feed/","2026-08-26T04:22:49.564971Z","2026-08-25T14:58:58Z","West","CA","Sonoma County","06097"
"St Helena Star","napavalleyregister.com - RSS Results in star of type article","local_news","news","https://napavalleyregister.com/search/?f=rss&t=article&c=star&l=50&s=start_time&sd=desc","2026-08-26T04:22:37.927064Z","2026-08-24T22:00:00Z","West","CA","Napa County","06055"
"State Hornet","The State Hornet","local_news","news","https://statehornet.com/feed/","2026-08-26T14:56:06.386817Z","2026-08-25T20:36:57Z","West","CA","Sacramento County","06067"
"Sundial","Daily Sundial","local_news","news","http://sundial.csun.edu/feed/","2026-08-26T04:22:50.854303Z","2026-08-22T02:57:57Z","West","CA","Los Angeles County","06037"
"Synapse","UCSF Synapse","local_news","news","https://synapse.ucsf.edu/rss.xml","2026-08-26T15:19:14.354054Z","2026-08-25T18:33:53Z","West","CA","San Francisco County","06075"
"Tahoe Daily Tribune","Tahoe Daily Tribune","local_news","news","https://www.tahoedailytribune.com/feed/","2026-08-26T15:08:34.418443Z","2026-08-26T14:31:05Z","West","CA","El Dorado County","06017"
"Tahoe Weekly","Tahoe Guide","local_news","news","https://yourtahoeguide.com/feed/","2026-08-26T14:56:06.617507Z","2026-08-01T23:44:21Z","West","CA","Placer County","06061"
"Tahoe.com","Lake Tahoe","local_news","news","https://tahoe.com/rss.xml","2026-08-26T15:19:14.173050Z","2026-08-24T20:10:45Z","West","CA","Placer County","06061"
"Talon Marks","Talon Marks","local_news","news","https://www.talonmarks.com/sitemap.rss","2026-08-26T15:19:23.150590Z","2026-08-24T22:17:45Z","West","CA","Los Angeles County","06037"
"The Poly Post","The Poly Post","local_news","news","https://thepolypost.com/feed/","2026-08-26T14:56:09.507208Z","2026-08-25T07:23:59Z","West","CA","Los Angeles County","06037"
"Thousand Oaks Acorn","Thousand Oaks Acorn","local_news","news","https://www.toacorn.com/feed/","2026-08-26T15:08:34.608963Z","2026-08-20T19:01:00Z","West","CA",,
"Times-Advocate","Escondido Times-Advocate","local_news","news","https://www.times-advocate.com/feed/","2026-08-26T15:08:34.159327Z","2026-08-19T01:06:00Z","West","CA","San Diego County","06073"
"Tracy Press","www.ttownmedia.com - RSS Results in tracy_press of type article","local_news","news","https://www.ttownmedia.com/search/?f=rss&t=article&c=tracy_press&l=50&s=start_time&sd=desc","2026-08-26T14:56:09.458714Z","2026-08-22T18:00:00Z","West","CA","San Joaquin County","06077"
"Tri County Sentry","Tri-County Sentry","local_news","news","https://tricountysentry.com/feed","2026-08-26T14:56:09.439079Z",,"West","CA","Ventura County","06111"
"Trojan","Daily Trojan","local_news","news","https://dailytrojan.com/feed/","2026-08-26T04:22:55.069693Z","2026-08-25T20:17:43Z","West","CA","Los Angeles County","06037"
"Turlock Journal","Turlock Journal","local_news","news","https://www.turlockjournal.com/rss/","2026-08-26T14:56:11.123604Z","2026-08-26T06:25:58Z","West","CA","Stanislaus County","06099"
"UCSD Guardian","The UCSD Guardian","local_news","news","https://ucsdguardian.org/feed/","2026-08-26T04:22:56.907300Z","2026-08-24T20:33:09Z","West","CA","San Diego County","06073"
"Valley Business Journal","Valley Business Journal","local_news","news","https://thevalleybusinessjournal.com/feed/","2026-08-26T04:22:55.977893Z","2026-08-01T00:20:13Z","West","CA","Riverside County","06065"
"Valley News","Valley News","local_news","news","https://myvalleynews.com/feed/","2026-08-26T04:22:59.472811Z","2026-08-26T03:56:05Z","West","CA","Riverside County","06065"
"Valley Roadrunner","Valley Roadrunner","local_news","news","https://www.valleycenter.com/feed/","2026-08-26T15:08:35.254220Z","2026-08-25T00:04:33Z","West","CA","San Diego County","06073"
"Valley Signal","Santa Clarita Valley Signal","local_news","news","https://signalscv.com/feed/","2026-08-26T14:56:10.853046Z","2026-08-26T11:43:00Z","West","CA","Los Angeles County","06037"
"Valley Sun","La Canada Valley Sun","local_news","news","https://www.latimes.com/socal/la-canada-valley-sun/rss2.0.xml","2026-08-26T04:22:57.470825Z",,"West","CA","Los Angeles County","06037"
"Valley Voice","Valley VoiceValley Voice","local_news","news","https://www.ourvalleyvoice.com/feed/","2026-08-26T04:23:03.997218Z","2026-08-22T06:14:09Z","West","CA","Tulare County","06107"
"Valleywide Newspapers","Valleywide Newspapers","local_news","news","https://valleywidenewspaper.com/feed/","2026-08-26T14:56:12.491779Z","2026-08-21T08:06:00Z","West","CA","San Bernardino County","06071"
"Viking","LBCC Viking News","local_news","news","https://lbccviking.com/?feed=rss2","2026-08-26T14:56:12.553483Z","2026-06-09T23:45:26Z","West","CA","Los Angeles County","06037"
"Vision Hispana","Home - Vision Hispana Newspaper","local_news","news","https://www.visionhispanausa.com/?format=feed&type=atom","2026-08-26T04:23:06.347254Z","2026-06-03T10:09:54Z","West","CA","Alameda County","06001"
"Voice & Viewpoint","The San Diego Voice & Viewpoint","local_news","news","https://sdvoice.info/feed/","2026-08-26T04:23:06.356570Z","2026-08-24T21:11:19Z","West","CA","San Diego County","06073"
"Watsonville Register-Pajaronian","The Pajaronian | Watsonville, CA","local_news","news","https://pajaronian.com/feed/","2026-08-26T14:55:53.700831Z","2026-08-25T21:11:14Z","West","CA","Santa Cruz County","06087"
"West Sacramento Sun","The West Sacramento Sun |","local_news","news","https://www.westsacramentosun.com/?format=atom","2026-08-26T14:56:12.605867Z","2026-08-25T22:01:49Z","West","CA","Yolo County","06113"
"Westside Connect","Westside Connect","local_news","news","https://www.westsideconnect.com/rss/","2026-08-26T14:56:13.541385Z","2026-08-20T13:40:52Z","West","CA","Stanislaus County","06099"
"Westside Today","WestsideToday","local_news","news","http://westsidetoday.com/feed/","2026-08-26T04:23:07.273189Z","2026-08-25T16:31:11Z","West","CA","Los Angeles County","06037"
"Aspen Times","Aspen Times","local_news","news","https://www.aspentimes.com/feed/","2026-08-26T15:08:37.580431Z","2026-08-26T03:00:11Z","West","CO","Pitkin County","08097"
"Aurora Sentinel","Sentinel Colorado","local_news","news","https://sentinelcolorado.com/feed/","2026-08-26T14:56:14.706657Z","2026-08-26T13:44:54Z","West","CO","Arapahoe County","08005"
"Bent County Democrat","Bent County Democrat","local_news","news","https://www.bcdemocratonline.com/feed/","2026-08-26T14:56:16.484859Z","2026-08-19T18:31:02Z","West","CO","Bent County","08011"
"BizWest","BizWest","local_news","news","https://bizwest.com/feed/","2026-08-26T04:23:07.806894Z","2026-08-26T00:33:08Z","West","CO","Boulder County","08013"
"Boulder Weekly","Boulder Weekly","local_news","news","https://boulderweekly.com/feed/","2026-08-26T04:23:08.066871Z","2026-08-25T22:03:31Z","West","CO","Boulder County","08013"
"Business Times","The Business Times","local_news","news","https://thebusinesstimes.com/feed/","2026-08-26T04:23:12.032912Z","2026-08-18T15:19:52Z","West","CO","Mesa County","08077"
"Chronicle News","The Chronicle-News","local_news","news","https://www.thechronicle-news.com/feed/","2026-08-26T14:56:17.147740Z","2026-08-18T17:44:57Z","West","CO","Las Animas County","08071"
"Citizen Telegram","Post Independent | Citizen Telegram","local_news","news","https://www.postindependent.com/feed/","2026-08-26T04:23:12.046293Z","2026-08-26T02:42:45Z","West","CO","Garfield County","08045"
"Clarion","The Denver Clarion","local_news","news","https://duclarion.com/feed/","2026-08-26T14:56:17.170074Z","2026-07-21T17:00:08Z","West","CO","Denver County","08031"
"Craig Daily Press","Craig Press","local_news","news","https://www.craigdailypress.com/feed/","2026-08-26T15:08:37.458225Z","2026-08-26T13:26:21Z","West","CO","Moffat County","08081"
"Crested Butte News","The Crested Butte News","local_news","news","https://crestedbuttenews.com/feed/","2026-08-26T04:23:14.752825Z","2026-08-19T19:18:25Z","West","CO","Gunnison County","08051"
"Denver Urban Spectrum","Denver Urban Spectrum","local_news","news","https://denverurbanspectrum.com/feed/","2026-08-26T14:56:23.942306Z","2026-08-03T01:57:04Z","West","CO","Arapahoe County","08005"
"Durango Herald","Durango Herald","local_news","news","https://www.durangoherald.com/feed/","2026-08-26T15:08:39.293855Z","2026-08-26T14:51:57Z","West","CO","La Plata County","08067"
"Durango Telegraph","Durango Telegraph","local_news","news","https://www.durangotelegraph.com/feed/","2026-08-26T15:08:39.320662Z","2026-08-20T18:00:59Z","West","CO","La Plata County","08067"
"Fence Post","The Fence Post","local_news","news","https://www.thefencepost.com/feed/","2026-08-26T15:08:40.888484Z","2026-08-26T14:52:25Z","West","CO","Weld County","08123"
"Haxtun-Fleming Herald","The Haxtun-Fleming Herald - RSS Feed","local_news","news","https://www.hfherald.com/rss","2026-08-26T15:30:42.407039Z","2026-08-20T08:18:00Z","West","CO","Phillips County","08095"
"High Country News","High Country News","local_news","news","https://www.hcn.org/feed/","2026-08-26T14:56:30.586376Z","2026-08-26T08:00:00Z","West","CO","Delta County","08029"
"Intermountain Jewish News","IJN | Intermountain Jewish News","local_news","news","https://www.ijn.com/feed/","2026-08-26T14:56:32.694686Z","2026-08-20T16:23:52Z","West","CO","Arapahoe County","08005"
"Johnstown Breeze","Latest articles - The Johnstown Breeze","local_news","news","https://www.myjohnstownbreeze.com/rss/articles","2026-08-26T14:56:29.007571Z","2026-08-25T14:25:00Z","West","CO","Weld County","08123"
"Kiowa County Press","KiowaCountyPress.net - Kiowa<br>County<br>Press","local_news","news","https://kiowacountypress.net/rss.xml","2026-08-26T15:19:45.420335Z","2026-08-26T12:00:00Z","West","CO","Kiowa County","08061"
"La Prensa de Colorado","La Prensa de Colorado","local_news","news","http://laprensadecolorado.com/feed/","2026-08-26T04:23:17.610083Z","2026-08-17T01:01:04Z","West","CO","Arapahoe County","08005"
"La Voz","La Voz Colorado","local_news","news","https://lavozcolorado.com/feed/","2026-08-26T14:56:33.263600Z","2026-08-26T12:20:00Z","West","CO","Arapahoe County","08005"
"Left Hand Valley Courier","Left Hand Valley Courier - RSS Feed","local_news","news","https://www.lhvc.com/rss","2026-08-26T15:30:43.277445Z","2026-08-26T05:43:00Z","West","CO","Boulder County","08013"
"Lyons Recorder","The Lyons Recorder","local_news","news","https://lyonsrecorder.org/feed/","2026-08-26T14:56:35.970401Z","2026-08-20T07:10:00Z","West","CO","Boulder County","08013"
"North Forty News","North Forty News","local_news","news","https://northfortynews.com/feed/","2026-08-26T14:56:36.896135Z","2026-08-25T23:00:00Z","West","CO","Larimer County","08069"
"Pagosa Springs Daily Post","Pagosa Daily Post News Events & Video for Pagosa Springs Colorado","local_news","news","https://pagosadailypost.com/feed/","2026-08-26T04:23:19.664209Z","2026-08-25T10:11:30Z","West","CO","Archuleta County","08007"
"Plaindealer","News","local_news","news","https://www.ouraynews.com/feed/","2026-08-26T15:08:43.429748Z","2026-08-25T22:33:52Z","West","CO","Ouray County","08091"
"Rangely Herald Times","The Herald Times","local_news","news","https://www.theheraldtimes.com/feed/","2026-08-26T04:23:23.742662Z","2026-08-19T19:55:25Z","West","CO","Rio Blanco County","08103"
"Rocky Mountain Collegian","The Rocky Mountain Collegian","local_news","news","https://collegian.com/feed/","2026-08-26T04:23:23.750828Z","2026-08-26T02:08:43Z","West","CO","Larimer County","08069"
"Sentinel Express","www.coloradocommunitymedia.com - RSS Results in commerce-city-sentinel-express of type article","local_news","news","https://www.coloradocommunitymedia.com/search/?f=rss&t=article&c=commerce-city-sentinel-express&l=50&s=start_time&sd=desc","2026-08-26T14:56:36.588928Z","2026-08-19T22:26:00Z","West","CO","Adams County","08001"
"Silverton Standard","Silverton Standard","local_news","news","https://www.thesilvertonstandard.com/rss.xml","2026-08-26T15:19:55.608173Z","2026-08-20T01:25:13Z","West","CO","San Juan County","08111"
"Sky-Hi News","Sky-Hi News","local_news","news","https://www.skyhinews.com/feed/","2026-08-26T04:23:23.763229Z","2026-08-25T23:51:34Z","West","CO","Grand County","08049"
"Sopris Sun","The Sopris Sun","local_news","news","https://soprissun.com/feed/","2026-08-26T14:56:38.275593Z","2026-08-21T14:33:00Z","West","CO","Pitkin County","08097"
"Steamboat Pilot","Steamboat Pilot & Today","local_news","news","https://www.steamboatpilot.com/feed/","2026-08-26T15:08:44.305845Z","2026-08-26T15:03:28Z","West","CO","Routt County","08107"
"Summit Daily News","Summit Daily","local_news","news","https://www.summitdaily.com/feed/","2026-08-26T15:08:44.681498Z","2026-08-26T04:50:35Z","West","CO","Summit County","08117"
"The Criterion","The Criterion","local_news","news","https://thecrite.com/feed/","2026-08-26T14:56:52.403576Z","2026-08-25T15:00:59Z","West","CO","Mesa County","08077"
"Tribune-Democrat","La Junta Tribune-Democrat","local_news","news","https://www.lajuntatribunedemocrat.com/feed/","2026-08-26T14:56:30.247567Z","2026-08-25T22:14:36Z","West","CO","Otero County","08089"
"Vail Daily","Vail Daily","local_news","news","https://www.vaildaily.com/feed/","2026-08-26T15:08:39.336479Z","2026-08-26T13:32:24Z","West","CO","Eagle County","08037"
"Weekly Surveyor","Berthoud Weekly Surveyor","local_news","news","http://berthoudsurveyor.com/feed/","2026-08-26T04:23:26.499101Z","2026-08-25T14:00:00Z","West","CO","Larimer County","08069"
"Westword","Denver Westword","local_news","news","https://www.westword.com/feed/","2026-08-26T04:23:26.068160Z","2026-08-25T23:32:39Z","West","CO","Arapahoe County","08005"
"Wet Mountain Tribune","Wet Mountain Tribune","local_news","news","https://wetmountaintribune.com/feed/","2026-08-26T14:56:54.103336Z","2026-08-25T23:32:35Z","West","CO","Custer County","08027"
"CTNow","CTNow - Hartford Courant","local_news","news","https://www.courant.com/tag/ctnow/feed/","2026-08-26T14:56:53.912439Z","2026-08-26T10:00:12Z","Northeast","CT","Hartford County","09003"
"College Voice","The College Voice","local_news","news","https://thecollegevoice.org/feed/","2026-08-26T14:56:55.252243Z","2026-08-24T12:00:47Z","Northeast","CT","Tolland County","09013"
"Commercial Record","Commercial Record","local_news","news","http://commercialrecord.com/feed/","2026-08-26T04:23:29.709686Z","2026-08-24T16:30:53Z","Northeast","CT","Hartford County","09003"
"El Sol News","EL SOL News","local_news","news","https://elsolnews.com/feed/","2026-08-26T04:23:31.277998Z","2026-08-26T02:05:57Z","Northeast","CT","Fairfield County","09001"
"Fairfield Sun","Fairfield Sun","local_news","news","https://www.fairfield-sun.com/feed/","2026-08-26T04:23:40.859517Z","2026-08-25T14:16:36Z","Northeast","CT","Fairfield County","09001"
"Gazette","The Gazette","local_news","news","https://www.ehgazette.com/?feed=rss2","2026-08-26T14:57:01.145178Z","2026-08-16T02:25:27Z","Northeast","CT","Hartford County","09003"
"Hartford Business Journal","Hartford Business Journal","local_news","news","https://hartfordbusiness.com/feed/","2026-08-26T14:57:01.238714Z","2026-08-26T14:56:17Z","Northeast","CT","Hartford County","09003"
"Hartford Guardian","Hartford Guardian","local_news","news","https://thehartfordguardian.com/feed/","2026-08-26T14:57:01.324934Z","2026-08-26T10:00:00Z","Northeast","CT","Hartford County","09003"
"Identidad Latina","Identidad Latina Multimedia","local_news","news","https://identidadlatina.com/feed/","2026-08-26T14:57:02.261048Z","2026-08-26T14:27:18Z","Northeast","CT","Hartford County","09003"
"Jewish Ledger","Jewish Ledger | Southern New England News","local_news","news","https://www.jewishledger.com/feed/","2026-08-26T14:57:03.464473Z","2026-08-15T19:52:06Z","Northeast","CT","Hartford County","09003"
"La Voz Hispana de CT","LaVoz Hispana","local_news","news","https://lavozhispanact.com/feed/","2026-08-26T14:57:02.319355Z","2026-08-26T14:02:00Z","Northeast","CT","New Haven County","09009"
"Mystic River Press","www.thewesterlysun.com - RSS Results in news/mystic-river-press of type article","local_news","news","https://www.thewesterlysun.com/search/?f=rss&t=article&c=news/mystic-river-press&l=50&s=start_time&sd=desc","2026-08-26T14:57:04.333559Z","2026-08-25T23:00:00Z","Northeast","CT","New London County","09011"
"New Haven Independent","New Haven Independent","local_news","news","https://www.newhavenindependent.org/feed/","2026-08-26T14:57:05.106493Z","2026-08-26T12:36:44Z","Northeast","CT","New Haven County","09009"
"Peoples Press News","People's Press News","local_news","news","https://www.peoplespressnews.com/feed/","2026-08-26T14:57:08.441627Z","2026-06-29T08:05:14Z","Northeast","CT","New Haven County","09009"
"The Recorder","Central Recorder Publishing","local_news","news","https://centralRecorder.com/feed/","2026-08-26T04:23:55.197237Z","2026-08-25T04:53:33Z","Northeast","CT","Hartford County","09003"
"UConn Advance","UConn Today","local_news","news","https://today.uconn.edu/feed/","2026-08-26T04:24:12.851218Z","2026-08-25T19:29:03Z","Northeast","CT","Tolland County","09013"
"West Haven Voice","News","local_news","news","https://www.whvoice.com/feed/","2026-08-26T14:57:11.206244Z","2026-08-26T07:31:37Z","Northeast","CT","New Haven County","09009"
"American Bazaar","The American Bazaar","local_news","news","https://americanbazaaronline.com/feed/","2026-08-26T04:24:17.687565Z","2026-08-25T23:08:46Z","South","DC","District of Columbia","11001"
"DC Spotlight","The DC Spotlight Newspaper - The Pulse of the City","local_news","news","https://dcspotlight.com/feed/","2026-08-26T04:24:17.708475Z","2026-08-24T16:24:13Z","South","DC","District of Columbia","11001"
"El Tiempo Latino","El Tiempo Latino","local_news","news","https://eltiempolatino.com/rss/","2026-08-26T14:57:10.752293Z",,"South","DC","District of Columbia","11001"
"GW Hatchet","The GW Hatchet","local_news","news","https://gwhatchet.com/feed/","2026-08-26T14:57:18.880400Z","2026-08-24T06:20:33Z","South","DC","District of Columbia","11001"
"Hilltop","The Hilltop","local_news","news","http://thehilltoponline.com/feed/","2026-08-26T04:24:17.754741Z","2026-08-25T13:00:00Z","South","DC","District of Columbia","11001"
"Hoya","The Hoya","local_news","news","http://thehoya.com/feed/","2026-08-26T04:24:17.802448Z","2026-08-25T18:47:07Z","South","DC","District of Columbia","11001"
"Metro Weekly","Metro Weekly","local_news","news","https://www.metroweekly.com/feed/","2026-08-26T14:57:19.025001Z","2026-08-26T13:59:06Z","South","DC","District of Columbia","11001"
"Roll Call","Roll Call","local_news","news","https://rollcall.com/feed/","2026-08-26T15:09:03.118979Z","2026-08-25T22:57:41Z","South","DC","District of Columbia","11001"
"Town Hall","Townhall","local_news","news","https://townhall.com/feed/","2026-08-26T15:09:13.454924Z","2026-08-26T14:45:36Z","South","DC","District of Columbia","11001"
"Voice","The Georgetown Voice","local_news","news","https://georgetownvoice.com/feed/","2026-08-26T04:24:19.637430Z","2026-08-26T02:56:29Z","South","DC","District of Columbia","11001"
"Washington City Paper","Washington City Paper","local_news","news","https://washingtoncitypaper.com/feed/?partner-feed=public","2026-08-26T14:57:20.047646Z","2026-08-26T14:11:59Z","South","DC","District of Columbia","11001"
"Washington Diplomat","Washington Diplomat","local_news","news","https://washdiplomat.com/feed/","2026-08-26T15:09:14.455784Z","2026-08-10T15:46:44Z","South","DC","District of Columbia","11001"
"Washington Examiner","Washington Examiner","local_news","news","https://www.washingtonexaminer.com/feed/","2026-08-26T14:57:11.691969Z","2026-08-26T14:54:45Z","South","DC","District of Columbia","11001"
"Washington Hispanic","Washington Hispanic","local_news","news","https://www.washingtonhispanic.com/rss.xml.php","2026-08-26T14:57:21.145296Z","2026-08-25T22:05:01Z","South","DC","District of Columbia","11001"
"Washington Informer","The Washington Informer","local_news","news","https://www.washingtoninformer.com/feed/","2026-08-26T14:57:18.827058Z","2026-08-26T00:31:00Z","South","DC","District of Columbia","11001"
"Washington Jewish Week","Washington Jewish Week","local_news","news","http://www.washingtonjewishweek.com/feed/","2026-08-26T14:57:18.867758Z","2026-08-25T20:15:51Z","South","DC","District of Columbia","11001"
"Cape Gazette","Cape Gazette - News - Covering Delaware's Cape Region - Inland Bays, Atlantic Ocean, Rehoboth Beach, Lewes, Milton, Dewey Beach, USA","local_news","news","https://www.capegazette.com/rss.xml","2026-08-26T15:20:32.827407Z","2026-08-26T14:58:01Z","South","DE","Sussex County","10005"
"Delaware Black","Delawareblack.com","local_news","news","https://delawareblack.com/feed/","2026-08-26T14:57:20.936310Z","2026-08-08T02:30:47Z","South","DE","New Castle County","10003"
"Hoy En Delaware","Hoy en Delaware","local_news","news","https://hoyendelaware.com/feed/","2026-08-26T14:57:20.828636Z","2026-08-25T16:11:16Z","South","DE","Sussex County","10005"
"Laurel Star","Morning Star Publications","local_news","news","https://starpublications.online/feed/","2026-08-26T14:57:21.018557Z","2026-08-20T17:06:57Z","South","DE","Sussex County","10005"
"The Review","The Review","local_news","news","https://udreview.com/feed/","2026-08-26T04:24:20.403829Z","2026-08-04T03:01:06Z","South","DE","New Castle County","10003"
"Alachua Today","Alachua County Today","local_news","news","https://alachuacountytoday.com/feed/","2026-08-26T14:57:21.256318Z","2026-08-24T20:18:22Z","South","FL","Alachua County","12001"
"Anna Maria Island Sun","AMI Sun","local_news","news","https://amisun.com/feed/","2026-08-26T14:57:21.512729Z","2026-08-25T14:47:35Z","South","FL","Manatee County","12081"
"Apalachicola Times","The Apalachicola Times","local_news","news","https://franklincounty.news/feed/","2026-08-26T14:57:21.369743Z","2026-07-15T19:59:42Z","South","FL","Franklin County","12037"
"Apopka Chief","The Apopka Chief Newspaper","local_news","news","https://theapopkachief.com/feed/","2026-08-26T04:24:22.276900Z","2026-08-26T00:56:53Z","South","FL","Orange County","12095"
"Around Osceola","Osceola News Gazette","local_news","news","http://www.aroundosceola.com/rss.xml","2026-08-26T15:20:35.805115Z","2026-08-25T18:05:55Z","South","FL","Osceola County","12097"
"Aventura News","Aventura News | Miami's Community News","local_news","news","https://communitynewspapers.com/category/aventura/feed/","2026-08-26T04:24:22.312105Z","2026-08-14T17:48:24Z","South","FL","Miami-Dade County","12086"
"Baker County Press","The Baker County Press","local_news","news","https://bakercountypress.com/feed/","2026-08-26T04:24:22.326212Z","2026-08-21T21:34:55Z","South","FL","Baker County","12003"
"Beach Talk","FORT MYERS - Beach Observer and Beach Bulletin","local_news","news","https://www.fortmyersbeachtalk.com/feed/","2026-08-26T15:09:16.481837Z","2026-08-26T13:38:03Z","South","FL","Lee County","12071"
"Boca Beacon","Boca Beacon","local_news","news","https://bocabeacon.com/feed/","2026-08-26T14:57:25.688804Z","2026-08-21T17:06:20Z","South","FL","Lee County","12071"
"Bradford County Telegraph","BC Telegraph","local_news","news","https://bctelegraph.com/feed/","2026-08-26T14:57:25.743398Z","2026-08-26T01:22:06Z","South","FL","Bradford County","12007"
"Business Observer","businessobserverfl.com stories: News","local_news","news","https://www.businessobserverfl.com/rss/headlines/all/","2026-08-26T14:57:25.858953Z","2026-08-25T19:45:00Z","South","FL","Sarasota County","12115"
"Calhoun-Liberty Journal","Calhoun-Liberty Journal","local_news","news","https://cljnews.com/feed/","2026-08-26T04:24:24.245032Z","2026-08-20T20:20:49Z","South","FL","Liberty County","12077"
"Cape Coral Daily Breeze","Cape Coral Breeze","local_news","news","https://www.capecoralbreeze.com/feed/","2026-08-26T15:09:16.996665Z","2026-08-26T14:53:04Z","South","FL","Lee County","12071"
"Centro Tampa","Centro Tampa Bay","local_news","news","https://www.centrotampabay.com/api/rss/content.rss","2026-08-26T14:57:25.702027Z","2026-08-26T11:45:00Z","South","FL","Hillsborough County","12057"
"Charlotte Sun Herald","www.yoursun.com - RSS Results in charlotte of type article","local_news","news","http://www.yoursun.com/search/?f=rss&t=article&c=charlotte&l=50&s=start_time&sd=desc","2026-08-26T14:57:27.367297Z","2026-08-25T14:20:00Z","South","FL","Charlotte County","12015"
"Chipley Bugle","Chipley Bugle","local_news","news","https://chipleybugle.com/feed/","2026-08-26T04:24:24.897635Z","2026-08-25T04:20:57Z","South","FL","Washington County","12133"
"College Park Community Paper","The Community Paper","local_news","news","https://www.yourcommunitypaper.com/feed/","2026-08-26T15:09:22.111020Z","2026-08-26T14:37:25Z","South","FL","Orange County","12095"
"Community News of Miami","Miami's Community News","local_news","news","https://communitynewspapers.com/feed/","2026-08-26T04:24:22.293813Z","2026-08-25T20:22:59Z","South","FL","Miami-Dade County","12086"
"Crestview News Bulletin","Crestview News Bulletin","local_news","news","https://crestviewbulletin.com/feed/","2026-08-26T14:57:27.333256Z","2026-08-26T13:35:59Z","South","FL","Okaloosa County","12091"
"Daily Ridge","DailyRidge.com","local_news","news","https://dailyridge.com/feed/","2026-08-26T14:57:27.947600Z","2026-08-26T14:56:28Z","South","FL","Polk County","12105"
"Diario Palm Beach","Diario Palm Beach","local_news","news","https://diariopalmbeach.com/feed/","2026-08-26T14:57:39.336264Z","2026-08-26T00:00:00Z","South","FL","Palm Beach County","12099"
"El Sol De La Florida","El Sol de la Florida","local_news","news","https://elsoldelaflorida.com/feed/","2026-08-26T14:57:27.370661Z","2026-08-26T11:30:02Z","South","FL","Osceola County","12097"
"Englewood Review","Englewood Review","local_news","news","https://englewoodreview.com/feed/","2026-08-26T14:57:39.390630Z","2026-08-26T10:36:29Z","South","FL","Sarasota County","12115"
"Florida Press Association","Florida Press Association","local_news","news","https://flpress.com/feed/","2026-08-26T14:57:41.286918Z","2026-08-12T20:03:32Z","South","FL","Leon County","12073"
"Florida Star","The Florida Star | The Georgia Star","local_news","news","https://www.thefloridastar.com/feed/","2026-08-26T04:24:33.758246Z","2026-08-23T00:46:50Z","South","FL","Duval County","12031"
"Florida Weekly","Florida Weekly","local_news","news","https://www.floridaweekly.com/feed/","2026-08-26T15:09:28.876032Z","2026-08-26T14:57:12Z","South","FL","Lee County","12071"
"Gabber","The Gabber Newspaper","local_news","news","https://thegabber.com/feed/","2026-08-26T14:57:40.541233Z","2026-08-26T09:50:20Z","South","FL","Pinellas County","12103"
"Gadsden County Times","The Gadsden County Times","local_news","news","https://gadsdencountytimes.com/feed/","2026-08-26T14:57:39.790873Z","2026-08-20T14:12:36Z","South","FL","Gadsden County","12039"
"Gulf Breeze News","Gulf Breeze News","local_news","news","https://news.gulfbreezenews.com/feed/","2026-08-26T15:09:31.787458Z","2026-08-20T12:02:42Z","South","FL","Santa Rosa County","12113"
"Highlands Today","Highlands Today","local_news","news","https://highlandstoday.com/feed/","2026-08-26T14:57:40.615621Z","2026-08-19T13:18:14Z","South","FL","Highlands County","12055"
"Home Town Journal","Home Town Journal","local_news","news","https://www.hometownjournal.org/rss","2026-08-26T15:31:54.057172Z","2026-08-18T14:56:20Z","South","FL","Baker County","12003"
"Independent Florida Sun","Inweekly","local_news","news","http://inweekly.net/feed/","2026-08-26T14:57:41.605363Z","2026-08-19T19:03:33Z","South","FL","Escambia County","12033"
"Islander","The Anna Maria Islander","local_news","news","https://www.islander.org/feed/","2026-08-26T04:24:35.223697Z","2026-08-25T07:06:48Z","South","FL","Manatee County","12081"
"Jacksonville Daily Record","Jacksonville News | Jax Legal Notice - Duval County & North Florida","local_news","news","https://jaxlegalnotice.com/feed/","2026-08-26T14:57:43.515677Z","2026-08-25T20:11:29Z","South","FL","Duval County","12031"
"Jewish Press Group","Jewish Press - Florida's Gulf Coast Edition","local_news","news","https://www.jewishpressgulfcoast.com/feed/","2026-08-26T15:09:32.595001Z","2026-08-24T14:00:00Z","South","FL","Pinellas County","12103"
"Lake City Reporter","Lake City Reporter","local_news","news","https://www.lakecityreporter.com/rss.xml","2026-08-26T04:24:34.837522Z","2026-08-26T03:37:03Z","South","FL","Columbia County","12023"
"Le Soleil de la Floride","Le Soleil de la Floride","local_news","news","https://lesoleildelafloride.com/feed/","2026-08-26T14:57:41.589547Z","2026-08-24T20:33:00Z","South","FL","Broward County","12011"
"Madison Enterprise Recorder","Madison Enterprise Recorder","local_news","news","https://www.greenepublishing.com/feed/","2026-08-26T04:24:43.773266Z","2026-08-25T19:05:54Z","South","FL","Madison County","12079"
"Miami Hurricane","The Miami Hurricane","local_news","news","https://themiamihurricane.com/feed/","2026-08-26T04:24:44.645139Z","2026-08-26T01:54:40Z","South","FL","Miami-Dade County","12086"
"Miami New Times","Miami New Times","local_news","news","https://www.miaminewtimes.com/feed/","2026-08-26T04:24:44.926916Z","2026-08-25T21:25:13Z","South","FL","Miami-Dade County","12086"
"Miami Today","Miami Today","local_news","news","https://www.miamitodaynews.com/feed/","2026-08-26T04:24:45.593076Z","2026-08-19T07:18:00Z","South","FL","Miami-Dade County","12086"
"Nassau County Record","Nassau County Record, Callahan, Florida","local_news","news","https://www.nassaucountyrecord.com/rss.xml","2026-08-26T04:24:45.177821Z","2026-08-18T18:24:18Z","South","FL","Nassau County","12089"
"New Times Broward","Broward Palm Beach New Times","local_news","news","https://www.browardpalmbeach.com/feed/","2026-08-26T15:09:33.738032Z","2026-08-13T16:00:00Z","South","FL","Palm Beach County","12099"
"News-Leader","News-Leader, Fernandina Beach Florida","local_news","news","https://www.fbnewsleader.com/rss.xml","2026-08-26T04:24:47.078172Z","2026-08-21T16:06:25Z","South","FL","Nassau County","12089"
"Newscaster","The Newscaster","local_news","news","https://thenewscaster.substack.com/feed","2026-08-26T14:57:44.951787Z",,"South","FL","Levy County","12075"
"Orlando Weekly","Orlando Weekly","local_news","news","https://www.orlandoweekly.com/feed/","2026-08-26T14:57:44.968143Z","2026-08-26T14:24:48Z","South","FL","Orange County","12095"
"Osprey Observer","Osprey Observer","local_news","news","https://www.ospreyobserver.com/feed/","2026-08-26T04:24:47.089865Z","2026-08-25T18:37:31Z","South","FL","Hillsborough County","12057"
"Palatka Daily News","Palatka Daily News","local_news","news","https://www.palatkadailynews.com/feed/","2026-08-26T15:09:39.648117Z","2026-08-26T09:11:09Z","South","FL","Putnam County","12107"
"Pine Island Eagle","Pineisland Eagle","local_news","news","https://www.pineisland-eagle.com/feed/","2026-08-26T15:09:39.621165Z","2026-08-26T10:55:10Z","South","FL","Lee County","12071"
"Pine Island News","Pine Island News","local_news","news","http://www.pineislandnews.com/?q=rss.xml","2026-08-26T14:57:44.263030Z","2026-07-23T16:46:05Z","South","FL","Lee County","12071"
"Santa Rosa Press Gazette","Santa Rosa Press Gazette","local_news","news","https://srpressgazette.com/feed/","2026-08-26T14:57:49.155307Z","2026-08-26T13:25:23Z","South","FL","Santa Rosa County","12113"
"Scottish Banner","The Scottish Banner","local_news","news","https://www.scottishbanner.com/feed/","2026-08-26T14:57:49.185814Z","2026-08-26T00:15:52Z","South","FL","Pinellas County","12103"
"Southwest Florida Online","Southwest Florida Online - Hendry and Glades County","local_news","news","http://feeds.feedburner.com/SouthwestFloridaOnline-SundayMorningNews","2026-08-26T04:24:54.822830Z","2026-08-24T19:54:15Z","South","FL","Hendry County","12051"
"Star","The Port St. Joe Star","local_news","news","https://gulfcounty.news/feed/","2026-08-26T14:57:49.236458Z","2026-08-25T14:58:48Z","South","FL","Gulf County","12045"
"The Famuan Online","The FAMUAN","local_news","news","https://www.thefamuanonline.com/feed/","2026-08-26T14:57:49.319886Z","2026-06-02T14:11:43Z","South","FL","Leon County","12073"
"The Oracle","The Oracle","local_news","news","https://www.usforacle.com/feed/","2026-08-26T14:57:50.616178Z","2026-08-25T16:12:55Z","South","FL","Hillsborough County","12057"
"Town-Crier","Town-Crier Newspaper","local_news","news","https://gotowncrier.com/feed/","2026-08-26T14:57:53.083046Z","2026-08-21T13:30:14Z","South","FL","Palm Beach County","12099"
"Tribune","The Boca Raton Tribune","local_news","news","https://www.bocaratontribune.com/feed/","2026-08-26T04:24:55.954746Z","2026-08-26T01:44:04Z","South","FL","Palm Beach County","12099"
"University Press","FAU University Press","local_news","news","https://www.upressonline.com/feed/","2026-08-26T04:24:56.652607Z","2026-08-26T02:12:09Z","South","FL","Palm Beach County","12099"
"Villages-News.com","Villages-News.com","local_news","news","https://www.villages-news.com/feed/","2026-08-26T04:24:55.689170Z","2026-08-26T01:00:52Z","South","FL","Sumter County","12119"
"Waterfront Times","Waterfront Times","local_news","news","https://waterfronttimes.com/rss.xml","2026-08-26T04:25:04.516096Z","2026-08-25T15:55:04Z","South","FL","Broward County","12011"
"Weekly","Orlando Weekly","local_news","news","https://www.orlandoweekly.com/feed/?partner-feed=all","2026-08-26T04:25:04.521375Z","2026-08-25T21:15:45Z","South","FL","Orange County","12095"
"West Orange Times","www.orangeobserver.com stories: All","local_news","news","https://www.orangeobserver.com/rss/headlines/all/","2026-08-26T14:57:46.015384Z","2026-08-26T13:39:00Z","South","FL","Orange County","12095"
"West Volusia Beacon","The West Volusia Beacon","local_news","news","https://www.beacononlinenews.com/feed/","2026-08-26T15:09:29.128067Z","2026-08-26T13:40:08Z","South","FL","Volusia County","12127"
"Windermere Sun","Windermere Sun-For Healthier/Happier/More Sustainable Living","local_news","news","http://www.windermeresun.com/feed/","2026-08-26T04:25:04.544315Z","2026-08-18T04:24:50Z","South","FL","Orange County","12095"
"Your Observer","www.yourobserver.com stories: News","local_news","news","https://www.yourobserver.com/rss/headlines/latest/all/","2026-08-26T14:57:54.704384Z","2026-08-26T09:00:00Z","South","FL","Sarasota County","12115"
"YourObserver.com","www.yourobserver.com stories: News","local_news","news","https://www.yourobserver.com/rss/headlines/sarasota/news/mrss/","2026-08-26T14:57:51.089719Z","2026-08-26T09:00:00Z","South","FL","Sarasota County","12115"
"Advance","The Advance","local_news","news","https://www.theadvancenews.com/feed/","2026-08-26T15:09:45.729643Z","2026-08-26T04:05:50Z","South","GA","Toombs County","13279"
"Americus Times Recorder","Americus Times-Recorder","local_news","news","https://americustimesrecorder.com/feed/","2026-08-26T15:09:45.383135Z","2026-08-25T13:23:38Z","South","GA","Sumter County","13261"
"Bainbridge Post-Searchlight","The Post-Searchlight","local_news","news","https://thepostsearchlight.com/feed/","2026-08-26T15:09:45.972940Z","2026-08-26T14:52:01Z","South","GA","Decatur County","13087"
"Barnesville Herald Gazette","Barnesville.com","local_news","news","https://barnesville.com/feed/","2026-08-26T14:57:55.271336Z","2026-08-24T20:22:53Z","South","GA","Lamar County","13171"
"Baxley News-Banner","The Baxley News-Banner","local_news","news","https://www.baxleynewsbanner.com/feed/","2026-08-26T14:57:55.305182Z","2026-08-14T19:06:44Z","South","GA","Appling County","13001"
"Brightside News","Bright Side Digital Newspaper","local_news","news","https://brightsidenewspapernews.com/feed/","2026-08-26T14:57:55.362559Z","2026-08-11T11:00:39Z","South","GA","Cobb County","13067"
"Brookhaven Reporter","Brookhaven News - Rough Draft Atlanta","local_news","news","https://roughdraftatlanta.com/category/brookhaven/feed/","2026-08-26T04:25:06.903847Z","2026-08-24T20:01:03Z","South","GA","DeKalb County","13089"
"Bryan County News","Bryan County News","local_news","news","https://www.bryancountynews.com:443/rss/","2026-08-26T14:57:51.656748Z","2026-08-26T00:33:29Z","South","GA","Bryan County","13029"
"Buckhead Reporter","Buckhead News - Rough Draft Atlanta","local_news","news","https://roughdraftatlanta.com/category/buckhead/feed/","2026-08-26T04:25:14.572002Z","2026-08-26T00:59:27Z","South","GA","Cobb County","13067"
"Calhoun Times","www.northwestgeorgianews.com - RSS Results in calhoun_times of type article","local_news","news","https://www.northwestgeorgianews.com/search/?f=rss&t=article&c=calhoun_times&l=50&s=start_time&sd=desc","2026-08-26T14:57:56.847005Z","2026-06-02T12:12:00Z","South","GA","Gordon County","13129"
"Central Georgian","Georgia News Roundup: Crime & Investigations Across Georgia","local_news","news","https://thecentralgeorgian.com/feed/","2026-08-26T14:57:59.130364Z","2026-08-26T13:28:11Z","South","GA","Bibb County","13021"
"Charlton County Herald","Charlton County Herald","local_news","news","https://www.charltoncountyherald.com/feed/","2026-08-26T14:57:57.466375Z","2026-08-25T19:00:02Z","South","GA","Charlton County","13049"
"Citizen","The Citizen","local_news","news","https://thecitizen.com/feed/","2026-08-26T14:57:57.478795Z","2026-08-26T10:00:00Z","South","GA","Fayette County","13113"
"Claxton Enterprise","The Claxton Enterprise","local_news","news","https://www.claxtonenterprise.com/feed/","2026-08-26T04:25:14.625689Z","2026-08-20T00:00:00Z","South","GA","Evans County","13109"
"Clayton Tribune","The Clayton Tribune, Rabun County, GA","local_news","news","https://www.theclaytontribune.com/rss.xml","2026-08-26T04:25:15.289703Z","2026-08-22T17:10:04Z","South","GA","Rabun County","13241"
"Clinch County News","The Clinch County News","local_news","news","https://www.theclinchcountynews.com/feed/","2026-08-26T04:25:16.173013Z","2026-08-05T15:25:15Z","South","GA","Clinch County","13065"
"Coastal Courier","Coastal Courier","local_news","news","https://coastalcourier.com/rss/","2026-08-26T14:58:19.803309Z","2026-08-23T19:06:06Z","South","GA","Liberty County","13179"
"Connect Savannah","Connect Savannah","local_news","news","https://www.connectsavannah.com/feed/","2026-08-26T14:57:59.717756Z","2026-08-26T13:26:36Z","South","GA","Chatham County","13051"
"Cordele Dispatch","Cordele Dispatch","local_news","news","https://cordeledispatch.com/feed/","2026-08-26T15:32:15.508672Z","2026-08-24T18:13:18Z","South","GA","Crisp County","13081"
"Dahlonega Nugget","The Dahlonega Nugget, Dahlonega, GA - The Gold of the News","local_news","news","https://www.thedahloneganugget.com/rss.xml","2026-08-26T04:25:16.667439Z","2026-08-20T13:15:33Z","South","GA","Lumpkin County","13187"
"Dawson News & Advertiser","Dawson County News","local_news","news","https://www.dawsonnews.com/rss/","2026-08-26T14:57:59.742416Z","2026-08-26T03:00:01Z","South","GA","Dawson County","13085"
"Donalsonville News","The Donalsonville News","local_news","news","https://www.donalsonvillenews.com/feed/","2026-08-26T14:57:59.768635Z","2026-08-20T00:58:52Z","South","GA","Seminole County","13253"
"Early County News","Early County News","local_news","news","https://www.earlycountynews.com/feed/","2026-08-26T15:09:55.420053Z","2026-08-26T00:00:00Z","South","GA","Early County","13099"
"Effingham Herald","Effingham Herald","local_news","news","https://www.effinghamherald.net/rss/","2026-08-26T14:58:01.448792Z","2026-08-26T11:56:23Z","South","GA","Effingham County","13103"
"El Nuevo Georgia","El Nuevo Georgia","local_news","news","https://elnuevogeorgia.com/feed/","2026-08-26T04:25:24.588502Z","2026-08-25T13:34:31Z","South","GA","Cobb County","13067"
"Elberton Star","The Elberton Star, Elberton, Georgia","local_news","news","https://www.elberton.com/rss.xml","2026-08-26T04:25:24.606612Z","2026-08-19T14:52:21Z","South","GA","Elbert County","13105"
"Forsyth County News","Homepage","local_news","news","https://www.forsythnews.com/rss/","2026-08-26T14:58:02.011053Z","2026-08-26T01:21:25Z","South","GA","Forsyth County","13117"
"Franklin County Citizen","Franklin County Citizen Leader, Lavonia, Georgia","local_news","news","https://www.franklincountycitizen.com/rss.xml","2026-08-26T04:25:26.647059Z","2026-08-19T19:13:09Z","South","GA","Franklin County","13119"
"George-Anne","The George-Anne Media Group","local_news","news","https://thegeorgeanne.com/feed/","2026-08-26T14:58:00.905979Z","2026-08-25T22:50:22Z","South","GA","Bulloch County","13031"
"Gwinnett Citizen","Gwinnett Citizen","local_news","news","https://gwinnettcitizen.com/feed/","2026-08-26T14:58:01.988307Z","2026-08-26T13:06:27Z","South","GA","Gwinnett County","13135"
"Hartwell Sun","Hartwell Sun, Hartwell, Georgia","local_news","news","https://www.thehartwellsun.com/rss.xml","2026-08-26T04:25:25.189373Z","2026-08-20T14:22:10Z","South","GA","Hart County","13147"
"Islander","The Islander Newspaper","local_news","news","https://www.theislanderonline.com/feed/","2026-08-26T14:58:07.303114Z","2026-08-25T18:50:08Z","South","GA","Glynn County","13127"
"Jeff Davis County Ledger","Jeff Davis Ledger","local_news","news","https://www.jdledger.com/feed/","2026-08-26T14:58:05.946098Z","2026-08-26T14:24:25Z","South","GA","Jeff Davis County","13161"
"Jones County News","The Jones County News","local_news","news","https://www.jcnews.com/rss.xml","2026-08-26T04:25:26.147430Z","2026-08-19T11:03:43Z","South","GA","Jones County","13169"
"Metter Advertiser","Metter Advertiser","local_news","news","https://www.metteradvertiser.com/feed/","2026-08-26T15:10:06.124820Z","2026-08-25T22:00:00Z","South","GA","Candler County","13043"
"Middle Georgia Informer","Middle Georgia Informer","local_news","news","https://www.gainformer.com/sitemap.rss","2026-08-26T15:21:10.725702Z","2026-08-07T17:09:44Z","South","GA","Bibb County","13021"
"Millen News","The Millen News","local_news","news","https://www.themillennews.com/feed/","2026-08-26T15:10:06.014378Z","2026-08-25T21:25:00Z","South","GA","Jenkins County","13165"
"Miller County Liberal","Miller County Liberal","local_news","news","https://www.millercountyliberal.com/feed/","2026-08-26T15:10:06.770973Z","2026-08-25T14:00:00Z","South","GA","Miller County","13201"
"Monticello News","The Monticello News","local_news","news","https://www.themonticellonews.com/feed/","2026-08-26T14:58:06.359404Z","2026-08-24T21:41:12Z","South","GA","Jasper County","13159"
"Moultrie Observer","Moultrie Observer","local_news","news","https://moultrieobserver.com/feed/","2026-08-26T15:10:05.207218Z","2026-08-26T14:52:15Z","South","GA","Colquitt County","13071"
"News Reporter","News Reporter","local_news","news","https://www.news-reporter.com/feed/","2026-08-26T14:58:08.807786Z","2026-06-30T07:01:07Z","South","GA","Wilkes County","13317"
"Northeast Georgian Online","The Northeast Georgian, Cornelia, Georgia","local_news","news","https://www.thenortheastgeorgian.com/rss.xml","2026-08-26T04:25:35.281835Z","2026-08-22T03:07:18Z","South","GA","Habersham County","13137"
"Pickens County Progress","PickensProgress.com","local_news","news","https://pickensprogress.com/feed/","2026-08-26T14:58:08.360197Z","2026-08-26T14:00:09Z","South","GA","Pickens County","13227"
"Press-Sentinel","Jesup Press Sentinel","local_news","news","https://www.thepress-sentinel.com/rss.xml","2026-08-26T04:25:45.266123Z","2026-08-22T03:48:32Z","South","GA","Wayne County","13305"
"Sandy Springs Reporter","Sandy Springs News - Sandy Springs, GA","local_news","news","https://roughdraftatlanta.com/category/sandy-springs/feed/","2026-08-26T04:25:45.286787Z","2026-08-24T20:10:59Z","South","GA","Fulton County","13121"
"Savannah Tribune","The Savannah Tribune","local_news","news","https://www.savannahtribune.com/feed/","2026-08-26T14:58:19.855985Z","2026-08-26T13:00:00Z","South","GA","Chatham County","13051"
"Senior News","SeniorNewsGeorgia","local_news","news","https://seniornewsga.com/feed/","2026-08-26T14:58:18.093539Z","2026-08-03T22:03:45Z","South","GA","Cobb County","13067"
"Statesboro Herald","Statesboro Herald","local_news","news","https://www.statesboroherald.com/rss/","2026-08-26T14:58:19.033147Z","2026-08-26T14:26:43Z","South","GA","Bulloch County","13031"
"The Champion","The Champion Newspaper | 404-373-7779 | Georgia","local_news","news","https://thechampionnewspaper.com/feed/atom/","2026-08-26T04:25:49.627499Z","2026-08-25T17:11:10Z","South","GA","DeKalb County","13089"
"Thomasville Times Enterprise","Thomasville Times-Enterprise","local_news","news","https://timesenterprise.com/feed/","2026-08-26T15:10:12.776840Z","2026-08-26T13:19:21Z","South","GA","Thomas County","13275"
"Tifton Gazette","Tifton Gazette","local_news","news","https://tiftongazette.com/feed/","2026-08-26T15:10:12.292722Z","2026-08-26T14:48:15Z","South","GA","Tift County","13277"
"Times","Gainesville Times","local_news","news","https://www.gainesvilletimes.com/rss/","2026-08-26T14:58:19.454262Z","2026-08-26T14:32:35Z","South","GA","Hall County","13139"
"Toccoa Record","The Toccoa Record, Toccoa, Georgia - tlaw@thetoccoarecord.com","local_news","news","https://www.thetoccoarecord.com/rss.xml","2026-08-26T04:25:52.076969Z","2026-08-20T18:32:26Z","South","GA","Stephens County","13257"
"Tribune and Georgian","Tribune & Georgian, St. Marys, Georgia","local_news","news","https://www.tribune-georgian.com/rss.xml","2026-08-26T04:25:52.076900Z","2026-08-20T17:02:55Z","South","GA","Camden County","13039"
"True Citizen","The True Citizen","local_news","news","https://www.thetruecitizen.com/feed/","2026-08-26T15:10:12.690729Z","2026-08-26T01:00:00Z","South","GA","Burke County","13033"
"Union-Recorder","The Union-Recorder","local_news","news","https://unionrecorder.com/feed/","2026-08-26T15:10:13.498179Z","2026-08-26T11:00:35Z","South","GA","Baldwin County","13009"
"Valdosta Daily Times","Valdosta Daily Times","local_news","news","https://valdostadailytimes.com/feed/","2026-08-26T15:09:40.319989Z","2026-08-26T15:06:42Z","South","GA","Lowndes County","13185"
"White County News","White County News, Cleveland, GA - White County News, Cleveland, GA","local_news","news","https://www.whitecountynews.net/rss.xml","2026-08-26T04:25:58.566029Z","2026-08-25T19:49:44Z","South","GA","White County","13311"
"Wiregrass Farmer","The Wiregrass Farmer","local_news","news","https://www.thewiregrassfarmer.com/feed/","2026-08-26T14:58:20.904245Z","2026-08-24T17:49:25Z","South","GA","Turner County","13287"
"Garden Island","The Garden Island","local_news","news","https://www.thegardenisland.com/feed/","2026-08-26T15:10:13.775641Z","2026-08-26T10:05:00Z","West","HI","Kauai County","15007"
"Hawaii Reporter.com","Hawaii Reporter","local_news","news","http://www.hawaiireporter.com/feed/","2026-08-26T04:25:58.600750Z","2026-08-24T20:32:00Z","West","HI",,
"Hawaii Tribune-Herald","Hawaii Tribune-Herald","local_news","news","https://www.hawaiitribune-herald.com/feed/","2026-08-26T15:10:12.652448Z","2026-08-26T10:05:00Z","West","HI","Hawaii County","15001"
"Honolulu Civil Beat","Honolulu Civil Beat","local_news","news","https://www.civilbeat.org/feed/","2026-08-26T14:58:21.962927Z","2026-08-26T10:01:00Z","West","HI","Honolulu County","15003"
"Honolulu Star Advertiser","Honolulu Star-Advertiser","local_news","news","http://www.staradvertiser.com/feed/","2026-08-26T04:26:00.257348Z","2026-08-26T02:55:00Z","West","HI",,
"Maui News","Maui News","local_news","news","https://www.mauinews.com/feed/","2026-08-26T15:10:15.595470Z","2026-08-26T14:05:54Z","West","HI","Maui County","15009"
"MidWeek","MidWeek","local_news","news","https://www.midweek.com/feed/","2026-08-26T04:26:00.033666Z","2026-08-19T10:00:40Z","West","HI",,
"North Shore News","North Shore News","local_news","news","https://northshorenews.com/feed/","2026-08-26T14:58:22.047431Z","2026-07-09T02:52:38Z","West","HI","Honolulu County","15003"
"West Hawaii Today","West Hawaii Today","local_news","news","https://www.westhawaiitoday.com/feed/","2026-08-26T15:10:21.741256Z","2026-08-26T10:05:00Z","West","HI","Hawaii County","15001"
"Ackley World Journal","www.timescitizen.com - RSS Results in ackley_world_journal of type article","local_news","news","https://www.timescitizen.com/search/?f=rss&t=article&c=ackley_world_journal&l=50&s=start_time&sd=desc","2026-08-26T14:58:22.645138Z","2026-08-18T18:53:00Z","Midwest","IA","Franklin County","19069"
"Atlantic News Telegraph","www.swiowanewssource.com - RSS Results in atlantic of type article","local_news","news","https://www.swiowanewssource.com/search/?f=rss&t=article&c=atlantic&l=50&s=start_time&sd=desc","2026-08-26T14:58:22.387544Z","2026-08-26T13:15:00Z","Midwest","IA","Cass County","19029"
"Bedford Times-Press","Bedford Times-Press","local_news","news","https://www.bedfordtimes-press.com/feed/","2026-08-26T14:58:24.437241Z","2026-08-25T16:00:54Z","Midwest","IA","Taylor County","19173"
"Charles City Press","Enterprise Media","local_news","news","https://www.charlescitypress.com/feed/","2026-08-26T15:10:22.922394Z","2026-08-26T15:09:43Z","Midwest","IA","Floyd County","19067"
"Daily","Iowa State Daily","local_news","news","https://iowastatedaily.com/feed/","2026-08-26T14:58:23.644578Z","2026-08-26T05:08:34Z","Midwest","IA","Story County","19169"
"Daily Democrat","www.mississippivalleypublishing.com - RSS Results in daily_democrat of type article","local_news","news","https://www.mississippivalleypublishing.com/search/?f=rss&t=article&c=daily_democrat&l=50&s=start_time&sd=desc","2026-08-26T14:58:23.336951Z","2026-08-26T05:00:00Z","Midwest","IA","Lee County","19111"
"Daily Freeman-Journal","The Freeman Journal","local_news","news","https://www.freemanjournal.net/feed/","2026-08-26T15:10:29.468659Z","2026-08-26T06:00:58Z","Midwest","IA","Hamilton County","19079"
"Daily Gate City","www.mississippivalleypublishing.com - RSS Results in daily_gate of type article","local_news","news","https://www.mississippivalleypublishing.com/search/?f=rss&t=article&c=daily_gate&l=50&s=start_time&sd=desc","2026-08-26T14:58:26.312711Z","2026-08-26T14:05:00Z","Midwest","IA","Lee County","19111"
"Daily Iowan","The Daily Iowan","local_news","news","https://dailyiowan.com/feed/","2026-08-26T14:58:26.332556Z","2026-08-26T03:49:05Z","Midwest","IA","Johnson County","19103"
"Denver Forum","The Denver Forum","local_news","news","https://denveriaforum.com/feed/","2026-08-26T14:58:26.429648Z","2026-08-21T02:35:02Z","Midwest","IA","Bremer County","19017"
"Glenwood Opinion-Tribune","The Opinion-Tribune","local_news","news","https://www.opinion-tribune.com/rss.xml","2026-08-26T14:58:32.469762Z","2026-08-25T21:58:38Z","Midwest","IA","Mills County","19129"
"Grundy Register","The Grundy Register","local_news","news","https://thegrundyregister.com/rss.xml","2026-08-26T04:26:11.484378Z","2026-08-26T03:14:22Z","Midwest","IA","Grundy County","19075"
"Hampton Chronicle","Hampton Chronicle","local_news","news","https://hamptonchronicle.com/rss.xml","2026-08-26T04:26:11.036992Z","2026-08-25T16:57:03Z","Midwest","IA","Franklin County","19069"
"Harlan Tribune","Harlan News","local_news","news","https://www.harlanonline.com/rss.xml","2026-08-26T04:26:13.690882Z","2026-07-31T16:48:47Z","Midwest","IA","Shelby County","19165"
"Hometowner","The Akron Hometowner","local_news","news","http://akronhometowner.com/rss.xml","2026-08-26T15:21:34.096850Z","2026-08-26T12:07:20Z","Midwest","IA","Plymouth County","19149"
"Simpsonian","The Simpsonian","local_news","news","https://thesimpsonian.com/feed/","2026-08-26T04:26:30.367964Z","2026-08-14T15:00:20Z","Midwest","IA","Warren County","19181"
"Times-Delphic","The Times-Delphic","local_news","news","https://timesdelphic.com/feed/","2026-08-26T04:26:40.099943Z","2026-08-22T22:55:17Z","Midwest","IA","Polk County","19153"
"Arbiter","The Arbiter","local_news","news","https://www.arbiteronline.com/feed/","2026-08-26T04:26:41.633405Z","2026-07-24T17:23:01Z","West","ID","Ada County","16001"
"Argonaut","The Argonaut","local_news","news","https://www.uiargonaut.com/feed/","2026-08-26T04:26:41.662145Z","2026-07-30T00:14:25Z","West","ID","Latah County","16057"
"Idaho Business Review","Idaho Business Review","local_news","news","http://idahobusinessreview.com/feed/","2026-08-26T04:26:44.492441Z","2026-08-25T18:16:44Z","West","ID","Ada County","16001"
"Scroll","BYU-Idaho Scroll","local_news","news","https://byuiscroll.org/feed/","2026-08-26T04:26:51.692872Z","2026-07-28T00:00:00Z","West","ID","Madison County","16065"
"Chicago Crusader","Chicago Crusader Newspaper","local_news","news","https://chicagocrusader.com/feed/","2026-08-26T04:26:56.961941Z","2026-08-24T16:26:27Z","Midwest","IL","Cook County","17031"
"Chicago Reader","Chicago Reader","local_news","news","https://chicagoreader.com/feed/","2026-08-26T04:26:56.978647Z","2026-08-25T19:20:34Z","Midwest","IL","Cook County","17031"
"Chicago Reporter","The Chicago Reporter","local_news","news","https://www.chicagoreporter.com/feed/","2026-08-26T04:26:56.998355Z","2026-08-20T16:00:00Z","Midwest","IL","Cook County","17031"
"Daily Egyptian","The Daily Egyptian","local_news","news","https://dailyegyptian.com/feed/","2026-08-26T04:26:59.063456Z","2026-08-25T22:40:54Z","Midwest","IL","Jackson County","17077"
"Daily Herald","Daily Herald RSS Feeds - Top Stories","local_news","news","https://www.dailyherald.com/rssfeed/top-stories/","2026-08-26T04:26:58.491341Z","2026-08-25T23:15:47Z","Midwest","IL","Cook County","17031"
"Daily Northwestern","The Daily Northwestern","local_news","news","https://dailynorthwestern.com/feed/","2026-08-26T04:26:58.549783Z","2026-08-25T05:53:14Z","Midwest","IL","Cook County","17031"
"Draugas","DRAUGAS","local_news","news","https://www.draugas.org/feed/","2026-08-26T04:27:03.168122Z","2026-08-22T13:38:43Z","Midwest","IL","Cook County","17031"
"Eastern News","The Daily Eastern News","local_news","news","https://www.dailyeasternnews.com/feed/","2026-08-26T04:27:04.118612Z","2026-08-25T22:46:29Z","Midwest","IL","Coles County","17029"
"Fra Noi","Fra Noi","local_news","news","http://franoi.com/feed/","2026-08-26T04:27:06.429455Z","2026-08-05T13:55:45Z","Midwest","IL","Cook County","17031"
"Illini","The Daily Illini","local_news","news","https://dailyillini.com/feed/","2026-08-26T04:27:11.730859Z","2026-08-25T23:14:21Z","Midwest","IL","Champaign County","17019"
"Irish American News","Home","local_news","news","https://irishamericannews.com/index.php?format=feed&type=atom","2026-08-26T04:27:14.107631Z","2026-08-21T16:10:10Z","Midwest","IL","Cook County","17031"
"Iroquois County Time-Republic","www.newsbug.info - RSS Results in iroquois_countys_times-republic of type article","local_news","news","https://www.newsbug.info/search/?f=rss&t=article&c=iroquois_countys_times-republic&l=50&s=start_time&sd=desc","2026-08-26T04:27:12.503160Z","2026-08-12T17:02:00Z","Midwest","IL","Iroquois County","17075"
"La Raza","La Raza","local_news","news","https://laraza.com/feed/","2026-08-26T04:27:19.980469Z","2026-08-24T22:20:12Z","Midwest","IL","Cook County","17031"
"Lawndale News","Chicago Hispanic Newspaper, Lawndale News,  Hispanic Bilingual Newspapers, Su Noticiero Bilingue","local_news","news","http://www.lawndalenews.com/feed/","2026-08-26T04:27:21.759880Z","2026-08-20T11:22:48Z","Midwest","IL","Cook County","17031"
"Macoupin County Enquirer-Democrat","Enquirer Democrat","local_news","news","https://www.enquirerdemocrat.com/feed/","2026-08-26T04:27:20.925077Z","2026-08-19T15:20:36Z","Midwest","IL","Macoupin County","17117"
"Mascoutah Herald","Herald Publications","local_news","news","https://www.heraldpubs.com/feed/","2026-08-26T04:27:22.017215Z","2026-08-25T14:49:04Z","Midwest","IL","St. Clair County","17163"
"Nadig Newspapers","Nadig Newspapers - Northwest Side Local Newspapers","local_news","news","https://nadignewspapers.com/feed/","2026-08-26T04:27:26.177092Z","2026-08-25T19:05:01Z","Midwest","IL","Cook County","17031"
"Pantagraph","pantagraph.com - RSS Results of type article with keyword(s) of #topstory","local_news","news","https://pantagraph.com/search/?f=rss&t=article&l=50&s=start_time&sd=desc&k%5B%5D=%23topstory","2026-08-26T04:27:29.496485Z","2026-07-19T12:00:00Z","Midwest","IL","McLean County","17113"
"The Journal","The Journal","local_news","news","https://uisjournal.com/feed/","2026-08-26T04:27:37.953109Z","2026-08-26T03:45:31Z","Midwest","IL","Sangamon County","17167"
"Woodford County Journal","pantagraph.com - RSS Results in wcj of type article","local_news","news","https://pantagraph.com/search/?f=rss&t=article&c=wcj&l=50&s=start_time&sd=desc","2026-08-26T04:27:48.501238Z","2026-08-19T17:00:00Z","Midwest","IL","Woodford County","17203"
"Butler Collegian","The Butler Collegian","local_news","news","https://thebutlercollegian.com/feed/","2026-08-26T04:27:50.008659Z","2026-08-24T03:55:05Z","Midwest","IN","Marion County","18097"
"Muncie Voice","Muncie Voice","local_news","news","https://muncievoice.com/feed/","2026-08-26T04:28:01.471850Z","2026-08-26T01:42:59Z","Midwest","IN","Delaware County","18035"
"Times","nwitimes.com - RSS Results of type article with keyword(s) of #topstory","local_news","news","https://nwitimes.com/search/?f=rss&t=article&l=50&s=start_time&sd=desc&k%5B%5D=%23topstory","2026-08-26T04:28:11.729143Z","2026-06-25T23:00:00Z","Midwest","IN","Lake County","18089"
"Weekly View","Weekly View","local_news","news","http://weeklyview.net/feed/","2026-08-26T04:28:14.536528Z","2026-08-20T16:00:55Z","Midwest","IN","Marion County","18097"
"Clark County Gazette","Clark County Gazette","local_news","news","https://www.clarkcountygazette.com/feed/atom","2026-08-26T04:28:14.799972Z","2026-08-26T00:09:39Z","Midwest","KS","Clark County","20025"
"Coffey County Republican","The Coffey County Republican","local_news","news","https://www.coffeycountyonline.com/index.php/feed/","2026-08-26T14:58:33.021993Z","2026-08-26T13:45:01Z","Midwest","KS","Coffey County","20031"
"Collegian","Kansas State Collegian","local_news","news","https://kstatecollegian.com/feed/","2026-08-26T04:28:21.853893Z","2026-08-24T01:19:27Z","Midwest","KS","Riley County","20161"
"Collegio","psucollegio","local_news","news","https://psucollegio.com/feed/","2026-08-26T14:58:31.750695Z","2026-07-29T15:26:32Z","Midwest","KS","Crawford County","20037"
"Community Voice","The Community Voice","local_news","news","https://www.communityvoiceks.com/feed/","2026-08-26T14:58:35.491403Z","2026-08-26T13:06:19Z","Midwest","KS","Sedgwick County","20173"
"Daily News","Wellington Daily News","local_news","news","https://www.wellingtondailynews.com/feed/","2026-08-26T14:58:37.754990Z","2026-08-20T15:42:24Z","Midwest","KS","Sumner County","20191"
"Dodge City Daily Globe","Dodge City Daily Globe","local_news","news","https://www.dodgeglobe.com/feed/","2026-08-26T14:58:35.542336Z","2026-08-25T14:17:49Z","Midwest","KS","Ford County","20057"
"El Dorado Times","Butler County Times-Gazette","local_news","news","https://www.butlercountytimesgazette.com/feed/","2026-08-26T14:58:35.582613Z","2026-08-21T04:07:50Z","Midwest","KS","Butler County","20015"
"Eudora News","Eudora News","local_news","news","http://www.eudoranews.com/feed/","2026-08-26T14:58:36.304976Z","2026-07-16T19:14:46Z","Midwest","KS","Douglas County","20045"
"Galena Sentinel Times","Galena Sentinel Times","local_news","news","https://www.sentineltimes.com/feed/","2026-08-26T04:28:26.904250Z","2026-08-20T09:00:00Z","Midwest","KS","Cherokee County","20021"
"Garden City Telegram","Garden City Telegram","local_news","news","https://www.gctelegram.com/feed/","2026-08-26T14:58:36.576085Z","2026-08-25T01:30:00Z","Midwest","KS","Finney County","20055"
"Great Bend Tribune","Homepage","local_news","news","https://www.gbtribune.com/rss/","2026-08-26T14:58:37.781822Z","2026-08-25T19:38:10Z","Midwest","KS","Barton County","20009"
"Hays Daily News","Hays Daily News","local_news","news","https://www.hdnews.net/feed/","2026-08-26T14:58:42.785661Z","2026-08-25T19:16:00Z","Midwest","KS","Ellis County","20051"
"Herald-Chronicle","The Osage County Herald-Chronicle","local_news","news","https://och-c.com/index.php/feed/","2026-08-26T14:58:44.343079Z","2026-08-19T15:49:25Z","Midwest","KS","Osage County","20139"
"Hiawatha World","Hiawatha World Online","local_news","news","https://www.hiawathaworldonline.com/feed/","2026-08-26T14:58:38.536042Z","2026-08-26T13:51:13Z","Midwest","KS","Brown County","20013"
"High Plains Journal","High Plains Journal","local_news","news","https://hpj.com/feed/","2026-08-26T14:58:44.204016Z","2026-08-26T14:00:00Z","Midwest","KS","Ford County","20057"
"Holton Recorder","The Holton Recorder","local_news","news","https://www.holtonrecorder.net/rss.xml","2026-08-26T14:58:39.167450Z","2026-08-21T18:28:01Z","Midwest","KS","Jackson County","20085"
"Hugoton Hermes","Hugoton Hermes News","local_news","news","https://hugotonhermes.com/feed/","2026-08-26T14:58:37.118113Z","2026-08-19T18:16:25Z","Midwest","KS","Stevens County","20189"
"Iola Register","The Iola Register","local_news","news","https://www.iolaregister.com/feed","2026-08-26T15:10:35.705119Z","2026-08-25T20:51:37Z","Midwest","KS","Allen County","20001"
"Kansas City Kansan","Kansas City Kansan","local_news","news","http://www.kckansan.com/feeds/posts/default","2026-08-26T04:28:28.699804Z","2026-08-26T04:26:46.392Z","Midwest","KS","Wyandotte County","20209"
"Kansas Press Association","Feed","local_news","news","https://kspress.com/feed","2026-08-26T14:58:44.421364Z","2026-08-26T08:33:15Z","Midwest","KS","Shawnee County","20177"
"Leavenworth Times","The Leavenworth Times","local_news","news","https://www.leavenworthtimes.com/feed/","2026-08-26T14:58:45.378156Z","2026-08-25T17:57:46Z","Midwest","KS","Leavenworth County","20103"
"Manhattan Free Press","Manhattan Free Press","local_news","news","https://manhattanfreepress.com/feed/","2026-08-26T14:58:45.497571Z","2026-08-25T23:02:40Z","Midwest","KS","Riley County","20161"
"Marion County Record","Marion County RECORD","local_news","news","http://marionrecord.com/rss.cgi","2026-08-26T04:28:35.116465Z",,"Midwest","KS","Marion County","20115"
"McPherson Sentinel","McPherson Sentinel","local_news","news","https://www.mcphersonsentinel.com/feed/","2026-08-26T14:58:50.106123Z","2026-08-25T19:10:29Z","Midwest","KS","McPherson County","20113"
"Meade County News","MCN Online","local_news","news","https://mcnewsonline.com/feed/atom","2026-08-26T04:28:35.919581Z","2026-08-26T00:07:08Z","Midwest","KS","Meade County","20119"
"Miami County Republic","Miami County Republic","local_news","news","https://www.republic-online.com/feed/","2026-08-26T14:58:47.100905Z","2026-08-25T22:22:22Z","Midwest","KS","Miami County","20121"
"Morning Sun","Homepage","local_news","news","https://morningsun.net:443/rss/","2026-08-26T14:58:45.502144Z","2026-08-25T23:49:35Z","Midwest","KS","Crawford County","20037"
"Newton Kansan","Newton Kansan","local_news","news","https://www.thekansan.com/feed/","2026-08-26T14:58:46.657885Z","2026-08-26T11:05:36Z","Midwest","KS","Harvey County","20079"
"Ottawa Herald","The Ottawa Herald","local_news","news","https://www.ottawaherald.com/feed/","2026-08-26T14:58:54.330425Z","2026-08-26T14:54:31Z","Midwest","KS","Franklin County","20059"
"Parsons Sun","Parsons Sun","local_news","news","https://www.parsonssun.com/rss.xml","2026-08-26T15:21:43.226229Z","2026-08-21T05:00:00Z","Midwest","KS","Labette County","20099"
"Pratt Tribune","Tri-County Tribune","local_news","news","https://www.tricountytribune.news/feed/","2026-08-26T14:58:45.167889Z","2026-08-26T00:37:28Z","Midwest","KS","Pratt County","20151"
"Sabetha Herald","The Sabetha Herald","local_news","news","https://www.sabethaherald.com/feed/","2026-08-26T04:28:53.896500Z","2026-08-25T20:44:07Z","Midwest","KS","Nemaha County","20131"
"Sunflower","The Sunflower","local_news","news","https://thesunflower.com/feed/","2026-08-26T14:58:54.366251Z","2026-08-25T20:09:37Z","Midwest","KS","Sedgwick County","20173"
"Business Lexington","Business","local_news","news","https://smileypete.com/business/index.rss","2026-08-26T14:58:55.607301Z","2026-08-11T16:05:18Z","South","KY","Fayette County","21067"
"Calvert City Lake News","The Lake News","local_news","news","https://www.thelakenews.com/feed/","2026-08-26T04:28:56.243100Z","2026-08-25T19:57:07Z","South","KY","Marshall County","21157"
"Cardinal","The Louisville Cardinal","local_news","news","http://www.louisvillecardinal.com/feed/","2026-08-26T04:29:02.276889Z","2026-08-23T13:15:45Z","South","KY","Jefferson County","21111"
"Clinton County News","Clinton County News","local_news","news","http://clintonnews.net/pages/?feed=atom","2026-08-26T04:29:03.250167Z","2026-08-11T18:21:01Z","South","KY","Clinton County","21053"
"College Heights Herald","WKUHerald.com","local_news","news","https://wkuherald.com/feed/","2026-08-26T14:58:56.135912Z","2026-08-26T03:16:32Z","South","KY","Warren County","21227"
"Corbin News Journal","The News Journal","local_news","news","https://thenewsjournal.net/feed/","2026-08-26T14:58:57.345725Z","2026-08-26T13:01:47Z","South","KY","Whitley County","21235"
"Crittenden Press","BREAKING NEWS","local_news","news","https://crittendenpress.blogspot.com/feeds/posts/default","2026-08-26T14:59:04.021336Z","2026-08-24T13:10:51.590Z","South","KY","Crittenden County","21055"
"Cumberland County News","Cumberland County News","local_news","news","https://www.cumberlandcountynewspaper.com/feed/","2026-08-26T14:59:04.814645Z","2026-07-05T21:31:24Z","South","KY","Cumberland County","21057"
"Daily News","Bowling Green Daily News","local_news","news","https://bgdailynews.com/feed/","2026-08-26T15:10:48.409547Z","2026-08-26T14:32:25Z","South","KY","Warren County","21227"
"Danville Advocate Messenger","The Advocate-Messenger","local_news","news","https://amnews.com/feed/","2026-08-26T15:33:01.916380Z","2026-08-26T14:30:00Z","South","KY","Boyle County","21021"
"Eccentric Observer","LEO Weekly | Louisville Eccentric Observer","local_news","news","https://www.leoweekly.com/feed/","2026-08-26T04:29:08.137678Z","2026-08-20T03:18:55Z","South","KY","Jefferson County","21111"
"Falmouth Outlook","Falmouth Outlook","local_news","news","https://www.falmouthoutlook.com/rss.xml","2026-08-26T04:29:06.273556Z","2026-08-24T17:57:01Z","South","KY","Pendleton County","21191"
"Grayson County News Gazette","www.messenger-inquirer.com - RSS Results in grayson_county of type article","local_news","news","https://www.messenger-inquirer.com/search/?f=rss&t=article&c=grayson_county&l=50&s=start_time&sd=desc","2026-08-26T14:59:06.893877Z","2026-06-29T14:45:00Z","South","KY","Grayson County","21085"
"Hancock Clarion","The Hancock Clarion","local_news","news","https://www.hancockclarion.com/feed/","2026-08-26T14:59:06.180061Z","2026-08-21T19:44:49Z","South","KY","Hancock County","21091"
"Harrodsburg Herald","The Harrodsburg Herald","local_news","news","https://www.harrodsburgherald.com/feed/","2026-08-26T14:59:07.545406Z","2026-08-26T14:40:31Z","South","KY","Mercer County","21167"
"Kentucky Kernel","Kentucky Kernel","local_news","news","https://kykernel.com/feed/","2026-08-26T14:59:05.706200Z","2026-08-26T00:56:14Z","South","KY","Fayette County","21067"
"Kentucky Post","State-Kentucky","local_news","news","https://www.wcpo.com/news/state/state-kentucky.rss","2026-08-26T14:59:08.426879Z",,"South","KY","Kenton County","21117"
"Leader News","Leader-News","local_news","news","https://ky-leadernews.com/feed/","2026-08-26T14:59:09.642486Z","2026-08-26T14:11:14Z","South","KY","Muhlenberg County","21177"
"Ledger-Independent","Ledger Independent - Maysville Online","local_news","news","https://www.maysville-online.com/feed","2026-08-26T14:59:09.266872Z","2026-08-25T10:24:00Z","South","KY","Mason County","21161"
"Lewis County Herald","Lewis County Herald","local_news","news","http://lewiscountyherald.com/feed/","2026-08-26T04:29:09.935195Z","2026-08-25T09:03:21Z","South","KY","Lewis County","21135"
"Louisville Voice-Tribune","Voice-Tribune","local_news","news","https://www.voice-tribune.com/blog-feed.xml","2026-08-26T14:59:08.537779Z",,"South","KY","Jefferson County","21111"
"Mountain Eagle","The Mountain Eagle","local_news","news","https://www.themountaineagle.com/feed/","2026-08-26T15:10:49.576885Z","2026-08-26T11:00:00Z","South","KY","Letcher County","21133"
"Ohio County Times News","Ohio County Times-News","local_news","news","https://www.octimesnews.com/feed/","2026-08-26T14:59:10.037773Z","2026-08-20T14:59:27Z","South","KY","Ohio County","21183"
"Pioneer News","www.pmg-ky1.com - RSS Results in pioneer_news of type article","local_news","news","https://www.pmg-ky1.com/search/?f=rss&t=article&c=pioneer_news&l=50&s=start_time&sd=desc","2026-08-26T14:59:14.501271Z","2026-08-20T05:00:00Z","South","KY","Bullitt County","21029"
"Russell County News Register","The Russell County Newspapers","local_news","news","https://www.russellcountynewspapers.com/feed/","2026-08-26T14:59:14.848079Z","2026-08-24T16:11:11Z","South","KY","Russell County","21207"
"Spencer Magnet","www.pmg-ky1.com - RSS Results in spencer_magnet of type article","local_news","news","https://www.pmg-ky1.com/search/?f=rss&t=article&c=spencer_magnet&l=50&s=start_time&sd=desc","2026-08-26T14:59:18.506794Z","2026-07-06T20:10:00Z","South","KY","Spencer County","21215"
"State Journal","State-Journal","local_news","news","https://state-journal.com/feed/","2026-08-26T15:10:51.219598Z","2026-08-25T23:00:00Z","South","KY","Franklin County","21073"
"The Northerner","The Northerner","local_news","news","http://www.thenortherner.com/feed/","2026-08-26T04:29:19.087406Z","2026-08-26T00:52:20Z","South","KY","Campbell County","21037"
"Trimble Banner","www.madisoncourier.com - RSS Results in trimble_banner of type article","local_news","news","https://www.madisoncourier.com/search/?f=rss&t=article&c=trimble_banner&l=50&s=start_time&sd=desc","2026-08-26T14:59:16.287043Z","2026-08-26T06:00:00Z","South","KY","Trimble County","21223"
"Troublesome Creek Times","Troublesome Creek Times","local_news","news","https://www.troublesomecreektimes.com/feed/","2026-08-26T15:10:51.264300Z","2026-08-20T14:00:00Z","South","KY","Knott County","21119"
"Winchester Sun","Winchester Sun","local_news","news","https://winchestersun.com/feed/","2026-08-26T15:33:12.171140Z","2026-08-26T12:21:52Z","South","KY","Clark County","21049"
"Woodford Sun","The Woodford Sun","local_news","news","https://www.woodfordsun.com/blog-feed.xml","2026-08-26T14:59:22.032192Z",,"South","KY","Woodford County","21239"
"American Press","American Press","local_news","news","https://americanpress.com/feed/","2026-08-26T15:33:11.803749Z","2026-08-26T00:14:42Z","South","LA","Calcasieu Parish","22019"
"Basile Weekly","Evangeline Today - Covering Evangeline Parish like gravy on rice.","local_news","news","https://www.evangelinetoday.com/rss.xml","2026-08-26T15:22:05.422251Z","2026-08-24T13:49:21Z","South","LA","Acadia Parish","22001"
"Business Report","Baton Rouge Business Report","local_news","news","https://www.businessreport.com/feed","2026-08-26T04:29:21.290510Z","2026-08-25T21:33:08Z","South","LA","East Baton Rouge Parish","22033"
"Cameron Parish Pilot","The Cameron Parish Pilot","local_news","news","https://cameronpilot.com/feed/","2026-08-26T14:59:22.124960Z","2026-08-22T17:23:32Z","South","LA","Cameron Parish","22023"
"CityBusiness","New Orleans CityBusiness","local_news","news","https://neworleanscitybusiness.com/feed/","2026-08-26T14:59:22.052982Z","2026-08-25T19:43:21Z","South","LA","Orleans Parish","22071"
"Crowley Post-Signal","AcadiaParishToday.com | Crowley Post-Signal, Rayne Acadian-Tribune, Church Point News | Acadia Parish, La. - Your news, sports and entertainment leader in Acadia Parish, La.","local_news","news","https://www.crowleypostsignal.com/rss.xml","2026-08-26T14:59:22.746695Z","2026-08-20T19:02:53Z","South","LA","Acadia Parish","22001"
"Daily News","The Bogalusa Daily News","local_news","news","https://bogalusadailynews.com/feed/","2026-08-26T15:33:18.043921Z","2026-08-26T14:58:58Z","South","LA","Washington Parish","22117"
"DeQuincy News","The DeQuincy News","local_news","news","https://www.dequincynews.com/feed/","2026-08-26T14:59:23.411419Z","2026-08-22T17:12:34Z","South","LA","Calcasieu Parish","22019"
"Eunice News","Eunice News - Covering Eunice and the Tri-Parish area like gravy on rice.","local_news","news","https://www.eunicetoday.com/rss.xml","2026-08-26T15:22:06.610205Z","2026-08-23T11:00:00Z","South","LA","St. Landry Parish","22097"
"Farmerville Gazette","fgazette.com","local_news","news","https://fgazette.com/feed/","2026-08-26T14:59:23.526438Z","2026-08-26T00:17:41Z","South","LA","Union Parish","22111"
"Franklin Banner Tribune","St. Mary Now","local_news","news","https://www.stmarynow.com/rss.xml","2026-08-26T14:59:23.504892Z","2026-08-26T13:44:47Z","South","LA","St. Mary Parish","22101"
"Gambit Weekly","www.nola.com - RSS Results in gambit of type article","local_news","news","https://www.nola.com/search/?f=rss&t=article&c=gambit&l=50&s=start_time&sd=desc","2026-08-26T14:59:23.627655Z","2026-07-20T05:05:00Z","South","LA","Orleans Parish","22071"
"Herald-Guide","St. Charles Herald Guide","local_news","news","https://www.heraldguide.com/feed/","2026-08-26T14:59:23.780559Z","2026-08-20T14:10:38Z","South","LA","St. Charles Parish","22089"
"Jena Times","The Jena Times","local_news","news","http://www.thejenatimes.net/feed/","2026-08-26T15:10:53.859129Z","2026-08-26T11:12:10Z","South","LA","LaSalle Parish","22059"
"Jennings Daily News","Jennings Daily News","local_news","news","https://www.jenningsdailynews.net/rss.xml","2026-08-26T15:22:05.666842Z","2026-08-19T01:45:32Z","South","LA","Jefferson Davis Parish","22053"
"L'Observateur","L'Observateur","local_news","news","https://lobservateur.com/feed/","2026-08-26T15:33:18.389473Z","2026-08-25T18:34:29Z","South","LA","St. John the Baptist Parish","22095"
"LSU Reveille","Reveille","local_news","news","https://lsureveille.com/feed/","2026-08-26T14:59:24.607113Z","2026-08-26T14:14:18Z","South","LA","East Baton Rouge Parish","22033"
"Maroon","The Maroon","local_news","news","https://loyolamaroon.com/feed/","2026-08-26T04:29:23.671279Z","2026-08-22T00:20:44Z","South","LA","Orleans Parish","22071"
"Minden Press-Herald","Minden Press-Herald","local_news","news","https://press-herald.com/feed/","2026-08-26T14:59:22.781500Z","2026-08-26T14:48:19Z","South","LA","Webster Parish","22119"
"Natchitoches Times","Natchitoches Times","local_news","news","https://www.natchitochestimes.com/rss.xml","2026-08-26T15:22:08.199376Z","2026-08-22T11:29:12Z","South","LA","Natchitoches Parish","22069"
"Plaquemines Gazette","The Plaquemines Gazette","local_news","news","https://www.plaqueminesgazette.com/rss.xml","2026-08-26T04:29:24.965958Z","2026-08-24T10:23:02Z","South","LA","Orleans Parish","22071"
"Press-Tribune","Bossier Press-Tribune","local_news","news","https://bossierpress.com/feed/","2026-08-26T14:59:26.966552Z","2026-08-26T04:02:11Z","South","LA","Bossier Parish","22015"
"Rayne Acadian Tribune","AcadiaParishToday.com | Crowley Post-Signal, Rayne Acadian-Tribune, Church Point News | Acadia Parish, La. - Your news, sports and entertainment leader in Acadia Parish, La.","local_news","news","https://www.raynetoday.com/rss.xml","2026-08-26T14:59:27.160578Z","2026-08-20T19:02:53Z","South","LA","Acadia Parish","22001"
"Ruston Daily Leader","Ruston Daily Leader","local_news","news","http://www.rustonleader.com/rss.xml","2026-08-26T04:29:25.895913Z","2026-08-20T23:00:00Z","South","LA","Lincoln Parish","22061"
"Sabine Index","The Sabine Index","local_news","news","https://www.sabinetoday.com/rss.xml","2026-08-26T15:22:08.129803Z","2026-08-26T09:00:00Z","South","LA","Sabine Parish","22085"
"St. Bernard Voice","St Bernard Voice","local_news","news","https://www.thestbernardvoice.com/rss.xml","2026-08-26T04:29:25.901271Z","2026-08-20T10:16:00Z","South","LA","Orleans Parish","22071"
"The Lion's Roar","The Lion's Roar","local_news","news","https://lionsroarnews.com/feed/","2026-08-26T14:59:28.499712Z","2026-08-26T01:24:07Z","South","LA","Tangipahoa Parish","22105"
"The Nicholls Worth","the nicholls worth","local_news","news","https://thenichollsworth.com/feed/","2026-08-26T04:29:25.965322Z","2026-08-24T21:36:08Z","South","LA","Lafourche Parish","22057"
"The Vermilion","The Vermilion","local_news","news","https://www.thevermilion.com/feed/","2026-08-26T04:29:27.511316Z","2026-08-26T03:47:24Z","South","LA","Lafayette Parish","22055"
"Tulane Hullabaloo","The Tulane Hullabaloo","local_news","news","https://tulanehullabaloo.com/feed/","2026-08-26T14:59:28.411221Z","2026-08-24T03:38:24Z","South","LA","Orleans Parish","22071"
"West Side Journal","thewestsidejournal.com","local_news","news","http://www.thewestsidejournal.com/feed/","2026-08-26T04:29:27.600081Z","2026-07-05T17:40:00Z","South","LA","West Baton Rouge Parish","22121"
"Amherst Bulletin","Amherst Bulletin","local_news","news","https://amherstbulletin.com/feed/","2026-08-26T14:59:29.456514Z","2026-08-24T15:56:21Z","Northeast","MA","Hampshire County","25015"
"Armenian Weekly","The Armenian Weekly","local_news","news","http://armenianweekly.com/feed/","2026-08-26T04:29:30.164082Z","2026-08-25T15:59:10Z","Northeast","MA","Middlesex County","25017"
"Ashland Town News","Ashland - Local Town Pages | The Voice of Your Community","local_news","news","https://www.ashlandtownnews.com/?format=atom","2026-08-26T14:59:31.510959Z","2026-07-30T02:38:48Z","Northeast","MA","Middlesex County","25017"
"Athol Daily News","Athol Daily News","local_news","news","https://atholdailynews.com/feed/","2026-08-26T14:59:32.194195Z","2026-08-26T14:55:59Z","Northeast","MA","Worcester County","25027"
"Back Bay Sun","The Boston Sun","local_news","news","http://thebostonsun.com/feed/","2026-08-26T14:59:29.255974Z","2026-08-21T05:00:00Z","Northeast","MA","Suffolk County","25025"
"Beacon Hill Times","Beacon Hill Times","local_news","news","http://beaconhilltimes.com/feed/","2026-08-26T04:29:29.751227Z","2026-08-21T05:00:00Z","Northeast","MA","Suffolk County","25025"
"Berkeley Beacon","The Berkeley Beacon","local_news","news","https://berkeleybeacon.com/feed/","2026-08-26T14:59:34.526914Z","2026-07-30T18:21:55Z","Northeast","MA","Suffolk County","25025"
"Boston Irish Reporter","Boston Irish Reporter","local_news","news","https://www.bostonirish.com/rss.xml","2026-08-26T15:22:17.918202Z","2026-08-17T16:01:07Z","Northeast","MA","Suffolk County","25025"
"Boston Online","Boston.com","local_news","news","https://www.boston.com/feed/","2026-08-26T14:59:32.960347Z","2026-08-26T14:57:37Z","Northeast","MA","Suffolk County","25025"
"Canton Citizen","Canton Citizen","local_news","news","https://www.thecantoncitizen.com/feed/atom/","2026-08-26T04:29:30.732531Z","2026-07-03T19:47:57Z","Northeast","MA","Norfolk County","25021"
"Cape Cod Chronicle","The Cape Cod Chronicle","local_news","news","https://capecodchronicle.com/feed.atom","2026-08-26T14:59:53.437861Z","2026-08-26T14:21:39Z","Northeast","MA","Barnstable County","25001"
"Carlisle Mosquito","The Carlisle Mosquito","local_news","news","https://carlislemosquito.org/feed/","2026-08-26T14:59:41.591589Z","2026-08-19T18:28:46Z","Northeast","MA","Middlesex County","25017"
"Charlestown Patriot-Bridge","Charlestown Patriot-Bridge","local_news","news","http://charlestownbridge.com/feed/","2026-08-26T04:29:32.057406Z","2026-08-21T05:00:00Z","Northeast","MA","Suffolk County","25025"
"Chelsea Record","Chelsea Record","local_news","news","http://chelsearecord.com/feed/","2026-08-26T04:29:31.769985Z","2026-08-20T05:00:00Z","Northeast","MA","Suffolk County","25025"
"Christian Science Monitor","The Christian Science Monitor | All stories","local_news","news","https://rss.csmonitor.com/feeds/csm","2026-08-26T04:29:33.756915Z","2026-08-26T02:06:00Z","Northeast","MA","Suffolk County","25025"
"Daily Collegian","Massachusetts Daily Collegian","local_news","news","https://dailycollegian.com/feed/","2026-08-26T14:59:42.882592Z","2026-08-25T05:33:30Z","Northeast","MA","Hampshire County","25015"
"Daily Hampshire Gazette","Daily Hampshire Gazette","local_news","news","https://gazettenet.com/feed/","2026-08-26T14:59:42.972713Z","2026-08-26T14:52:52Z","Northeast","MA","Hampshire County","25015"
"Dorchester Reporter","Dorchester Reporter","local_news","news","https://www.dotnews.com/feed/","2026-08-26T14:59:42.916501Z","2026-08-26T14:29:44Z","Northeast","MA","Suffolk County","25025"
"Duxbury Clipper","Duxbury Clipper","local_news","news","https://www.duxburyclipper.com/feed/","2026-08-26T15:10:59.660036Z","2026-08-26T05:00:50Z","Northeast","MA","Plymouth County","25023"
"East Boston Times","East Boston Times-Free Press","local_news","news","http://feeds.feedburner.com/EastBostonTimes","2026-08-26T04:29:35.607004Z","2026-07-15T04:36:27Z","Northeast","MA","Middlesex County","25017"
"El Mundo Boston","El Mundo Boston","local_news","news","https://elmundoboston.com/feed/","2026-08-26T04:29:35.619463Z","2026-08-25T18:24:54Z","Northeast","MA","Suffolk County","25025"
"El Planeta Boston","El Planeta | Noticias en espanol desde Boston, Massachusetts","local_news","news","https://elplaneta.com/rss/","2026-08-26T14:59:33.916958Z",,"Northeast","MA","Suffolk County","25025"
"Everett Independent","Everett Independent","local_news","news","http://everettindependent.com/feed/","2026-08-26T14:59:36.177708Z","2026-08-26T05:00:00Z","Northeast","MA","Middlesex County","25017"
"Grafton News","The Grafton News","local_news","news","https://www.thegraftonnews.com/feed/","2026-08-26T04:29:35.672565Z","2026-08-21T19:20:49Z","Northeast","MA","Worcester County","25027"
"Hairenik Weekly","Hairenik Weekly Newspaper","local_news","news","https://hairenikweekly.com/feed/","2026-08-26T14:59:44.240416Z","2026-08-26T12:51:27Z","Northeast","MA","Middlesex County","25017"
"Harvard Independent","Harvard Independent","local_news","news","https://harvardindependent.com/feed/","2026-08-26T14:59:43.968372Z","2026-07-30T12:00:00Z","Northeast","MA","Middlesex County","25017"
"Hopedale Town News","Hopedale - Local Town Pages | The Voice of Your Community","local_news","news","https://www.hopedaletownnews.com/?format=atom","2026-08-26T14:59:43.515136Z","2026-08-12T00:58:40Z","Northeast","MA","Worcester County","25027"
"Jamaica Plain Gazette","Jamaica Plain Gazette","local_news","news","http://jamaicaplaingazette.com/feed/","2026-08-26T04:29:39.181290Z","2026-08-14T04:00:00Z","Northeast","MA","Suffolk County","25025"
"Landmark","The Landmark","local_news","news","https://www.thelandmark.com/feed/","2026-08-26T14:59:49.519522Z","2026-08-20T15:50:36Z","Northeast","MA","Worcester County","25027"
"Local Town Pages","Holliston - Local Town Pages | The Voice of Your Community","local_news","news","https://www.hollistontownnews.com/?format=atom","2026-08-26T14:59:48.072230Z","2026-08-12T00:58:40Z","Northeast","MA","Middlesex County","25017"
"Local Town Pages","Franklin - Local Town Pages | The Voice of Your Community","local_news","news","https://www.franklintownnews.com/?format=atom","2026-08-26T14:59:47.133325Z","2026-08-21T17:32:58Z","Northeast","MA","Norfolk County","25021"
"Lynn Item Live","Itemlive","local_news","news","https://itemlive.com/feed/","2026-08-26T14:59:49.714754Z","2026-08-26T02:26:59Z","Northeast","MA","Essex County","25009"
"Lynn Journal","Lynn Journal","local_news","news","http://lynnjournal.com/feed/","2026-08-26T04:29:38.298642Z","2026-08-07T14:30:48Z","Northeast","MA","Essex County","25009"
"MV Times","MV Times","local_news","news","https://www.mvtimes.com/feed/","2026-08-26T04:29:47.942498Z","2026-08-24T14:08:47Z","Northeast","MA","Dukes County","25007"
"Martha's Vineyard Gazette","The Vineyard Gazette - Martha's Vineyard News","local_news","news","https://vineyardgazette.com/rss.xml","2026-08-26T15:22:22.267142Z","2026-08-25T18:31:41Z","Northeast","MA","Dukes County","25007"
"Millbury-Sutton Chronicle","The Millbury-Sutton Chronicle","local_news","news","https://www.millburysutton.com/feed/","2026-08-26T14:59:49.602309Z","2026-08-20T22:34:31Z","Northeast","MA","Worcester County","25027"
"North End Regional Review","North End Regional Review","local_news","news","http://feeds.feedburner.com/NorthEndRegionalReview","2026-08-26T04:29:49.010095Z","2026-08-06T09:57:22Z","Northeast","MA","Suffolk County","25025"
"Portuguese Times","Portuguese Times","local_news","news","https://portuguesetimes.com/feed/","2026-08-26T14:59:49.260055Z","2026-08-26T10:00:56Z","Northeast","MA","Bristol County","25005"
"Quincy Sun","The Quincy Sun","local_news","news","https://thequincysun.com/feed/","2026-08-26T04:29:49.781127Z","2026-08-25T19:17:36Z","Northeast","MA","Norfolk County","25021"
"Recorder","Greenfield Recorder","local_news","news","https://recorder.com/feed/","2026-08-26T14:59:51.903794Z","2026-08-26T14:50:39Z","Northeast","MA","Franklin County","25011"
"Reminder","The Reminder","local_news","news","https://thereminder.com/feed/","2026-08-26T14:59:33.983618Z","2026-08-26T13:18:46Z","Northeast","MA","Hampden County","25013"
"Revere Journal","Revere Journal","local_news","news","http://reverejournal.com/feed/","2026-08-26T14:59:51.933059Z","2026-08-26T04:00:00Z","Northeast","MA","Suffolk County","25025"
"Sampan","Sampan","local_news","news","https://www.sampan.org/blog-feed.xml","2026-08-26T14:59:51.981512Z",,"Northeast","MA","Suffolk County","25025"
"Somerville Times","The Somerville Times","local_news","news","https://www.thesomervilletimes.com/feed","2026-08-26T04:29:50.426745Z","2026-08-25T19:33:28Z","Northeast","MA","Middlesex County","25017"
"South Boston Online","South Boston Online","local_news","news","https://southbostononline.com/feed/","2026-08-26T14:59:53.081967Z","2026-08-12T23:31:17Z","Northeast","MA","Suffolk County","25025"
"Suffolk Journal","The Suffolk Journal","local_news","news","https://thesuffolkjournal.com/feed/","2026-08-26T04:29:53.617675Z","2026-06-19T22:06:01Z","Northeast","MA","Suffolk County","25025"
"The Daily Free Press","The Daily Free Press","local_news","news","https://dailyfreepress.com/feed/","2026-08-26T14:59:52.801877Z","2026-08-26T04:44:31Z","Northeast","MA","Suffolk County","25025"
"The Heights","The Heights","local_news","news","https://bcheights.com/feed/","2026-08-26T04:29:53.649931Z","2026-08-24T01:32:12Z","Northeast","MA","Suffolk County","25025"
"The Huntington News","The Huntington News","local_news","news","https://huntnewsnu.com/feed/","2026-08-26T04:29:53.702340Z","2026-08-25T20:29:43Z","Northeast","MA","Suffolk County","25025"
"The Tech","The Tech - Online Edition: Gallery","local_news","news","http://tech.mit.edu/V136/N12/graphics/piclens.xml","2026-08-26T04:29:55.767567Z",,"Northeast","MA","Middlesex County","25017"
"University Gazette","Harvard Gazette","local_news","news","https://news.harvard.edu/gazette/feed/","2026-08-26T04:29:55.991018Z","2026-08-25T19:55:12Z","Northeast","MA","Middlesex County","25017"
"Valley Advocate","Valley Advocate","local_news","news","https://valleyadvocate.com/feed/","2026-08-26T14:59:54.216288Z","2026-08-24T18:44:11Z","Northeast","MA","Hampshire County","25015"
"Wanderer","The Wanderer","local_news","news","http://www.wanderer.com/feed/","2026-08-26T04:29:57.030891Z","2026-08-25T17:52:04Z","Northeast","MA","Plymouth County","25023"
"Westfield News","The Westfield News","local_news","news","https://thewestfieldnews.com/feed/","2026-08-26T04:29:59.587756Z","2026-08-24T13:35:29Z","Northeast","MA","Hampden County","25013"
"Winthrop Transcript","Winthrop Transcript","local_news","news","http://feeds.feedburner.com/WinthropTranscript","2026-08-26T04:29:59.598811Z","2026-08-13T04:00:00Z","Northeast","MA","Suffolk County","25025"
"Worcester Business Jrnl","Worcester Business Journal","local_news","news","https://wbjournal.com/feed/","2026-08-26T14:59:54.590646Z","2026-08-25T20:53:59Z","Northeast","MA","Worcester County","25027"
"Baltimore Chronicle","Baltimore Chronicle","local_news","news","https://baltimorechronicle.com/feed/atom/","2026-08-26T14:59:54.652429Z","2026-08-25T20:49:21Z","South","MD","Baltimore city","24510"
"Baltimore Jewish Times","Baltimore Jewish Times","local_news","news","https://www.jewishtimes.com/feed/","2026-08-26T14:59:56.005476Z","2026-08-25T21:29:18Z","South","MD","Baltimore city","24510"
"Baltimore Times","The Baltimore Times - RSS Feed","local_news","news","https://baltimoretimes-online.com/feed/","2026-08-26T15:11:09.618216Z","2026-08-26T23:02:53Z","South","MD","Baltimore city","24510"
"Bayside Gazette","Berlin, Ocean Pines News Worcester County Bayside Gazette","local_news","news","https://baysideoc.net/feed/","2026-08-26T14:59:54.936894Z","2026-08-20T13:25:07Z","South","MD","Worcester County","24047"
"Catoctin Banner","The Catoctin Banner.","local_news","news","http://thecatoctinbanner.com/feed/","2026-08-26T04:30:00.784408Z","2026-07-30T19:22:00Z","South","MD","Frederick County","24021"
"Daily Record","Maryland Daily Record","local_news","news","https://thedailyrecord.com/feed/","2026-08-26T04:30:11.418183Z","2026-08-25T20:15:44Z","South","MD","Baltimore city","24510"
"Diamondback","The Diamondback","local_news","news","https://dbknews.com/feed/","2026-08-26T15:11:11.005217Z","2026-08-26T13:23:35Z","South","MD","Prince George's County","24033"
"Examiner","Examiner.com","local_news","news","https://examiner.com/feed/","2026-08-26T14:59:55.393982Z","2026-06-09T03:21:22Z","South","MD","Baltimore city","24510"
"Kent County News","www.myeasternshoremd.com - RSS Results of type article","local_news","news","http://www.myeasternshoremd.com/search/?f=rss&t=article&c=&l=50&s=start_time&sd=desc","2026-08-26T04:30:12.768208Z","2026-08-25T23:02:00Z","South","MD","Kent County","24029"
"Post-Examiner","Baltimore Post-Examiner","local_news","news","http://baltimorepostexaminer.com/feed/atom","2026-08-26T04:30:25.292813Z","2026-08-25T16:37:47Z","South","MD","Baltimore city","24510"
"The Towerlight","The Towerlight","local_news","news","https://thetowerlight.com/feed/","2026-08-26T04:30:25.505312Z","2026-08-26T04:17:47Z","South","MD","Baltimore County","24005"
"Advertiser Democrat","Advertiser Democrat Archives  - Lewiston Sun Journal","local_news","news","https://www.sunjournal.com/weeklies/advertiser-democrat/feed/","2026-08-26T14:59:58.100673Z","2026-08-25T22:11:29Z","Northeast","ME","Oxford County","23017"
"Bangor Daily News","Bangor Daily News","local_news","news","https://www.bangordailynews.com/feed/","2026-08-26T04:30:26.191025Z","2026-08-26T04:01:58Z","Northeast","ME","Penobscot County","23019"
"Bethel Citizen","The Bethel Citizen Archives  - Lewiston Sun Journal","local_news","news","https://www.sunjournal.com/weeklies/the-bethel-citizen/feed/","2026-08-26T14:59:58.376605Z","2026-08-25T08:00:00Z","Northeast","ME","Oxford County","23017"
"Boothbay Register","Boothbay Register - Serving Boothbay, Boothbay Harbor, Southport & Edgecomb since 1876","local_news","news","https://www.boothbayregister.com:443/rss.xml","2026-08-26T15:22:35.624384Z","2026-08-26T12:04:48Z","Northeast","ME","Lincoln County","23015"
"Franklin Journal","The Franklin Journal Archives  - Lewiston Sun Journal","local_news","news","https://www.sunjournal.com/weeklies/the-franklin-journal/feed/","2026-08-26T14:59:59.536968Z","2026-08-26T08:00:00Z","Northeast","ME","Franklin County","23007"
"Free Press","The Free Press","local_news","news","https://usmfreepress.org/feed/","2026-08-26T04:30:31.490837Z","2026-08-20T15:42:58Z","Northeast","ME","Cumberland County","23005"
"Gorham Times","The Gorham Times","local_news","news","https://www.gorhamtimes.com/feed/","2026-08-26T15:00:00.304435Z","2026-08-26T04:00:15Z","Northeast","ME","Cumberland County","23005"
"Island Ad-Vantages","Penobscot Bay Press","local_news","news","https://penobscotbaypress.com/feed/","2026-08-26T15:11:14.317006Z","2026-08-21T16:26:08Z","Northeast","ME","Hancock County","23009"
"Kennebec Journal","Centralmaine.com","local_news","news","https://www.centralmaine.com/feed/","2026-08-26T15:00:07.834202Z","2026-08-26T14:00:00Z","Northeast","ME","Kennebec County","23011"
"Lincoln County News","The Lincoln County News","local_news","news","https://lcnme.com/feed/","2026-08-26T15:00:05.736118Z","2026-08-25T19:05:57Z","Northeast","ME","Lincoln County","23015"
"Lincoln News","Lincoln News","local_news","news","https://lincnews.com/feed/","2026-08-26T15:00:06.836411Z","2026-07-02T15:09:43Z","Northeast","ME","Penobscot County","23019"
"Livermore Falls Advertiser","Livermore Falls Advertiser Archives  - Lewiston Sun Journal","local_news","news","https://www.sunjournal.com/weeklies/livermore-falls-advertiser/feed/","2026-08-26T15:00:05.792331Z","2026-08-26T08:00:00Z","Northeast","ME","Androscoggin County","23001"
"Machias Valley News Observer","Machias Valley News Observer","local_news","news","https://www.machiasnews.com/rss/","2026-08-26T15:00:05.822881Z",,"Northeast","ME","Washington County","23029"
"Maine Insights","Maine Insights Newsmagazine","local_news","news","https://maineinsights.com/feed/","2026-08-26T15:00:06.537430Z","2026-08-25T13:04:24Z","Northeast","ME","Somerset County","23025"
"Mainebiz","Mainebiz","local_news","news","https://mainebiz.biz/feed/","2026-08-26T15:00:06.974028Z","2026-08-26T13:37:19Z","Northeast","ME","Cumberland County","23005"
"Portland Press Herald","The Portland Press Herald","local_news","news","https://www.pressherald.com/feed/","2026-08-26T14:59:58.375437Z","2026-08-26T14:00:00Z","Northeast","ME","Cumberland County","23005"
"Quoddy Tides","The Quoddy Tides","local_news","news","https://www.quoddytides.com/rss/","2026-08-26T15:00:07.903539Z",,"Northeast","ME","Washington County","23029"
"Rumford Falls Times","Rumford Falls Times Archives  - Lewiston Sun Journal","local_news","news","https://www.sunjournal.com/weeklies/rumford-falls-times/feed/","2026-08-26T15:00:08.090338Z","2026-08-25T08:00:00Z","Northeast","ME","Oxford County","23017"
"Sun-Journal","Lewiston Sun Journal","local_news","news","https://www.sunjournal.com/feed/","2026-08-26T14:59:58.051526Z","2026-08-26T14:00:00Z","Northeast","ME","Androscoggin County","23001"
"Times Record","Times Record - Portland Press Herald","local_news","news","https://www.pressherald.com/times-record/feed/","2026-08-26T15:00:09.024762Z","2026-08-25T16:20:46Z","Northeast","ME","Cumberland County","23005"
"Twin City Times","Twin City Times","local_news","news","https://twincitytimes.com/feed","2026-08-26T04:30:53.043360Z","2026-08-20T12:39:58Z","Northeast","ME","Androscoggin County","23001"
"Windham Eagle","The Windham Eagle","local_news","news","https://frontpage.thewindhameagle.com/feeds/posts/default","2026-08-26T15:00:11.034070Z","2026-08-21T06:36:00.181Z","Northeast","ME","Cumberland County","23005"
"Wiscasset","Wiscasset Newspaper - Serving the Lincoln County seat and its neighboring communities","local_news","news","https://www.wiscassetnewspaper.com:443/rss.xml","2026-08-26T15:22:39.533177Z","2026-08-26T12:04:48Z","Northeast","ME","Lincoln County","23015"
"Alpena News","The Alpena News","local_news","news","https://www.thealpenanews.com/feed/","2026-08-26T15:11:19.935214Z","2026-08-26T05:00:57Z","Midwest","MI","Alpena County","26007"
"Antrim Review","The Antrim Review","local_news","news","https://www.antrimreview.net/rss.xml","2026-08-26T15:00:09.585502Z","2026-08-19T17:33:05Z","Midwest","MI","Antrim County","26009"
"Arab American News","ArabAmericanNews","local_news","news","https://arabamericannews.com/feed/","2026-08-26T15:00:09.680451Z","2026-08-22T20:47:05Z","Midwest","MI","Wayne County","26163"
"Arenac County Independent","The Arenac County Independent","local_news","news","https://www.arenacindependent.com/feed/","2026-08-26T15:00:11.270859Z","2026-08-24T04:00:00Z","Midwest","MI","Arenac County","26011"
"Bay Mills News","Bay Mills News","local_news","news","https://www.baymillsnews.com/blog-feed.xml","2026-08-26T15:00:11.368162Z",,"Midwest","MI","Chippewa County","26033"
"Belleville-Area Independent","The Belleville Independent | The Belleville Independent","local_news","news","https://bellevilleareaindependent.com/feed/","2026-08-26T04:30:53.170424Z","2026-08-21T14:57:32Z","Midwest","MI","Wayne County","26163"
"Blissfield Advance","Blissfield Advance","local_news","news","https://blissfieldadvance.com/index.php/feed/","2026-08-26T15:00:12.245376Z","2026-07-23T18:22:08Z","Midwest","MI","Lenawee County","26091"
"Boyne City Gazette","Boyne Gazette","local_news","news","https://www.boynegazette.com/feed/","2026-08-26T04:30:56.203326Z","2026-08-11T23:40:47Z","Midwest","MI","Charlevoix County","26029"
"Burton View","Genesee County View","local_news","news","https://geneseecountyview.com/feed/","2026-08-26T15:11:27.260190Z","2026-08-20T14:20:50Z","Midwest","MI","Genesee County","26049"
"Clarkston News","Clarkston News","local_news","news","https://clarkstonnews.com/feed/","2026-08-26T15:11:27.839964Z","2026-08-26T04:02:00Z","Midwest","MI","Oakland County","26125"
"County Press","The County Press","local_news","news","https://countypress.com/feed/","2026-08-26T15:11:25.821148Z","2026-08-26T04:02:00Z","Midwest","MI","Lapeer County","26087"
"Crawford County Avalanche","Crawford County Avalanche","local_news","news","https://www.crawfordcountyavalanche.com/feed/","2026-08-26T15:11:27.879533Z","2026-08-25T16:08:47Z","Midwest","MI","Crawford County","26039"
"Daily Mining Gazette","The Mining Gazette","local_news","news","https://www.mininggazette.com/feed/","2026-08-26T15:11:29.397201Z","2026-08-26T13:39:06Z","Midwest","MI","Keweenaw County","26083"
"Daily News","The Daily News","local_news","news","https://www.ironmountaindailynews.com/feed/","2026-08-26T15:11:29.552782Z","2026-08-26T05:02:38Z","Midwest","MI","Dickinson County","26043"
"Daily News","The Daily News","local_news","news","https://www.thedailynews.cc/feed/","2026-08-26T04:31:04.019401Z","2026-08-25T09:29:56Z","Midwest","MI","Montcalm County","26117"
"Daily Online","The Michigan Daily","local_news","news","https://www.michigandaily.com/feed/","2026-08-26T15:00:11.517234Z","2026-08-26T02:03:56Z","Midwest","MI","Washtenaw County","26161"
"Daily Press","Daily Press","local_news","news","https://www.dailypress.net/feed/","2026-08-26T15:11:28.486989Z","2026-08-26T14:03:41Z","Midwest","MI","Delta County","26041"
"Dearborn Times-Herald","Times-Herald and Sunday Times Newspapers","local_news","news","https://www.downriversundaytimes.com/feed/","2026-08-26T04:31:05.302314Z","2026-08-25T17:31:53Z","Midwest","MI","Wayne County","26163"
"Detroit Telegram","Telegram - RSS Feed","local_news","news","https://www.telegramnews.net/rss","2026-08-26T15:33:55.232600Z","2026-08-23T08:51:00Z","Midwest","MI","Wayne County","26163"
"Dundee Independent","Dundee Online","local_news","news","https://dundeeonline.com/feed/","2026-08-26T15:00:15.413774Z","2026-08-25T22:29:16Z","Midwest","MI","Monroe County","26115"
"Gladwin County Record","Gladwin County Record & Beaverton Clarion","local_news","news","http://www.gladwinmi.com/rss.xml","2026-08-26T15:22:52.200978Z","2026-08-26T10:42:01Z","Midwest","MI","Gladwin County","26051"
"Gratiot County Herald","Gratiot County Herald","local_news","news","http://gcherald.com/feed/","2026-08-26T04:31:07.022442Z","2026-08-19T19:52:04Z","Midwest","MI","Gratiot County","26057"
"Grosse Pointe News","Grosse Pointe News","local_news","news","https://www.grossepointenews.com/feed/","2026-08-26T15:11:35.467472Z","2026-08-26T15:00:57Z","Midwest","MI","Wayne County","26163"
"Harbor Light News","Harbor Light News","local_news","news","https://www.harborlightnews.com/feed/","2026-08-26T15:11:34.695205Z","2026-08-26T12:00:00Z","Midwest","MI","Emmet County","26047"
"Hastings Banner","Hastings Banner","local_news","news","https://hastingsbanner.com/feed/","2026-08-26T15:11:34.743009Z","2026-08-20T04:00:00Z","Midwest","MI","Barry County","26015"
"Hastings Reminder","The Reminder","local_news","news","https://hastingsreminder.com/feed/","2026-08-26T15:11:35.248081Z","2026-08-22T04:01:00Z","Midwest","MI","Barry County","26015"
"Houghton Lake Resorter","Houghton Lake Resorter","local_news","news","https://www.houghtonlakeresorter.com/feed/","2026-08-26T15:11:35.915280Z","2026-08-26T12:37:23Z","Midwest","MI","Roscommon County","26143"
"Huron County View","Huron County View","local_news","news","https://huroncountyview.com/feed/","2026-08-26T15:11:36.828825Z","2026-08-20T04:02:00Z","Midwest","MI","Huron County","26063"
"Ironwood Daily Globe","The Globe - RSS Feed","local_news","news","https://www.yourdailyglobe.com/rss","2026-08-26T15:33:56.769468Z","2026-08-19T10:25:00Z","Midwest","MI","Gogebic County","26053"
"L'Anse Sentinel","L'Anse Sentinel","local_news","news","https://lansesentinel.net/feed/","2026-08-26T04:31:17.027765Z","2026-08-24T12:35:41Z","Midwest","MI","Baraga County","26013"
"La Prensa","La Prensa Newspaper","local_news","news","https://laprensanewspaper.com/index.php/feed/","2026-08-26T15:00:16.343217Z","2026-08-12T16:02:14Z","Midwest","MI","Washtenaw County","26161"
"Lake Orion Review","The Lake Orion Review","local_news","news","https://lakeorionreview.com/feed/","2026-08-26T04:31:18.853848Z","2026-08-19T04:00:00Z","Midwest","MI","Oakland County","26125"
"Lakeshore Guardian","Lakeshore Guardian","local_news","news","https://lakeshoreguardian.com/feed/","2026-08-26T15:00:17.150945Z","2026-07-30T14:27:56Z","Midwest","MI","Huron County","26063"
"Lapeer Area View","Lapeer Area View","local_news","news","https://laview.net/feed/","2026-08-26T15:11:38.106925Z","2026-08-20T04:01:00Z","Midwest","MI","Lapeer County","26087"
"Latino Press","Latino Detroit","local_news","news","http://latinodetroit.com/feed/","2026-08-26T04:31:25.196446Z","2026-08-25T18:41:36Z","Midwest","MI","Wayne County","26163"
"Lowell Ledger","Buyer's Guide E-Edition - The Lowell Ledger","local_news","news","https://lowellledger.org/category/buyers-guide-e-edition/feed/","2026-08-26T15:00:16.887606Z","2026-08-23T04:00:17Z","Midwest","MI","Kent County","26081"
"Mining Journal","The Mining Journal","local_news","news","https://www.miningjournal.net/feed/","2026-08-26T15:11:38.860620Z","2026-08-26T07:00:53Z","Midwest","MI","Marquette County","26103"
"Oakland Post","The Oakland Post","local_news","news","https://oaklandpostonline.com/feed/","2026-08-26T04:31:27.287824Z","2026-08-19T13:00:38Z","Midwest","MI","Oakland County","26125"
"Ogemaw County Herald","The Ogemaw County Herald","local_news","news","https://www.ogemawherald.com/feed/","2026-08-26T15:00:19.351110Z","2026-08-25T04:00:00Z","Midwest","MI","Ogemaw County","26129"
"Onaway Outlook","Presque Isle County Advance, Onaway Outlook","local_news","news","https://piadvance.com/feed/","2026-08-26T04:31:28.843532Z","2026-08-20T12:43:20Z","Midwest","MI","Presque Isle County","26141"
"Oscoda County Herald","The Oscoda County Herald","local_news","news","https://www.oscodaherald.com/feed/","2026-08-26T15:00:21.889371Z","2026-08-24T04:00:00Z","Midwest","MI","Oscoda County","26135"
"Oxford Leader","Oxford Leader","local_news","news","https://oxfordleader.com/feed/","2026-08-26T04:31:29.141094Z","2026-08-26T04:01:00Z","Midwest","MI","Oakland County","26125"
"Pioneer-Tribune","Pioneer Tribune","local_news","news","https://www.pioneertribune.com/feed/","2026-08-26T15:11:39.948509Z","2026-08-19T18:28:00Z","Midwest","MI","Schoolcraft County","26153"
"Polish Times","Polish Times","local_news","news","https://www.mypolishtimes.com/feed/","2026-08-26T15:00:19.857846Z","2026-07-06T09:30:15Z","Midwest","MI","Wayne County","26163"
"Rockford Squire","The Rockford Squire","local_news","news","https://rockfordsquire.com/feed/","2026-08-26T04:31:36.902385Z","2026-08-07T19:54:05Z","Midwest","MI","Kent County","26081"
"Sanilac County News","Sanilac County News","local_news","news","https://sanilaccountynews.com/feed/","2026-08-26T15:11:39.784426Z","2026-08-26T04:01:00Z","Midwest","MI","Sanilac County","26151"
"Saugatuck Commercial Record","Wilcox Newspapers","local_news","news","https://wilcoxnewspapers.com/feed/","2026-08-26T15:00:09.557141Z","2026-08-26T14:58:54Z","Midwest","MI","Allegan County","26005"
"St. Ignace News","The St. Ignace News","local_news","news","https://www.stignacenews.com/feed/","2026-08-26T15:11:38.874057Z","2026-08-26T12:11:40Z","Midwest","MI","Mackinac County","26097"
"Sun Times","The Sun Times News","local_news","news","https://thesuntimesnews.com/feed/","2026-08-26T04:31:39.401862Z","2026-08-25T16:54:06Z","Midwest","MI","Livingston County","26093"
"Tecumseh Herald","The Tecumseh Herald","local_news","news","https://www.tecumsehherald.com/rss.xml","2026-08-26T04:31:38.709671Z","2026-08-19T15:22:31Z","Midwest","MI","Lenawee County","26091"
"The Collegian","Hillsdale Collegian","local_news","news","https://hillsdalecollegian.com/feed/","2026-08-26T15:00:20.627242Z","2026-08-26T13:03:26Z","Midwest","MI","Hillsdale County","26059"
"The Lode","The Lode","local_news","news","https://mtulode.com/sitemap.rss","2026-08-26T15:23:07.305648Z","2026-08-25T01:00:18Z","Midwest","MI","Houghton County","26061"
"Torch","The Ferris State Torch","local_news","news","https://fsutorch.com/feed/","2026-08-26T15:00:21.257212Z","2026-07-31T14:40:27Z","Midwest","MI","Mecosta County","26107"
"Town Crier","Mackinac Island Town Crier","local_news","news","https://www.mackinacislandnews.com/feed/","2026-08-26T15:11:41.146766Z","2026-08-26T14:47:32Z","Midwest","MI","Mackinac County","26097"
"Tri County Citizen","Tri-County Citizen","local_news","news","https://tricountycitizen.com/feed/","2026-08-26T15:11:41.121003Z","2026-08-23T03:00:00Z","Midwest","MI","Saginaw County","26145"
"Tri-City Times","Tri-City Times","local_news","news","https://tri-citytimes.com/feed/","2026-08-26T15:11:41.269658Z","2026-08-26T12:00:00Z","Midwest","MI","Lapeer County","26087"
"Tri-County Times","Tri-County Times","local_news","news","https://tctimes.com/feed/","2026-08-26T15:11:41.186218Z","2026-08-26T04:02:00Z","Midwest","MI","Genesee County","26049"
"Annandale Advocate","Annandale Advocate","local_news","news","https://annandaleadvocate.com/feed","2026-08-26T15:00:26.905339Z","2026-08-20T00:21:26Z","Midwest","MN","Wright County","27171"
"Brainerd Daily Dispatch","Brainerd Dispatch | Brainerd Baxter Minnesota","local_news","news","https://www.brainerddispatch.com/index.rss","2026-08-26T15:00:28.711139Z",,"Midwest","MN","Crow Wing County","27035"
"Caledonia Argus","www.hometownsource.com - RSS Results in caledonia of type article","local_news","news","http://www.hometownsource.com/search/?f=rss&t=article&c=caledonia&l=50&s=start_time&sd=desc","2026-08-26T15:00:28.616016Z","2026-08-26T14:12:00Z","Midwest","MN","Houston County","27055"
"Cloquet Pine Journal","Pine Journal | Cloquet, Minnesota","local_news","news","https://www.pinejournal.com/index.rss","2026-08-26T15:00:31.692932Z",,"Midwest","MN","Carlton County","27017"
"Cold Spring Record","Cold Spring Record","local_news","news","https://csrecord.net/index.php/feed/","2026-08-26T15:00:29.286824Z","2026-08-25T01:14:35Z","Midwest","MN","Stearns County","27145"
"Cook County News Herald","Cook County News-Herald","local_news","news","https://www.cookcountynews-herald.com/feed/","2026-08-26T15:00:29.253916Z","2026-08-25T21:47:22Z","Midwest","MN","Cook County","27031"
"DL-Online","Detroit Lakes Tribune | Detroit Lakes, Minnesota","local_news","news","https://www.dl-online.com/index.rss","2026-08-26T15:00:29.984001Z",,"Midwest","MN","Becker County","27005"
"Daily Globe","The Globe | Worthington, Minnesota","local_news","news","https://www.dglobe.com/index.rss","2026-08-26T15:00:27.770843Z",,"Midwest","MN","Nobles County","27105"
"Daily Journal","Fergus Falls Daily Journal","local_news","news","https://www.fergusfallsjournal.com/index.rss","2026-08-26T15:00:30.188952Z",,"Midwest","MN","Otter Tail County","27111"
"Duluth News Tribune","Duluth News Tribune","local_news","news","https://www.duluthnewstribune.com/index.rss","2026-08-26T15:00:33.238393Z",,"Midwest","MN","St. Louis County","27137"
"Echo Press","Alexandria Echo Press | Alexandria, Minnesota","local_news","news","https://www.echopress.com/index.rss","2026-08-26T15:00:33.004062Z",,"Midwest","MN","Douglas County","27041"
"Faribault Daily News","www.southernminn.com - RSS Results in faribault_daily_news of type article","local_news","news","http://www.southernminn.com/search/?f=rss&t=article&c=faribault_daily_news&l=50&s=start_time&sd=desc","2026-08-26T04:31:51.781777Z","2026-08-25T09:27:00Z","Midwest","MN","Rice County","27131"
"Fillmore County Journal","Fillmore County Journal","local_news","news","https://fillmorecountyjournal.com/feed/","2026-08-26T15:00:32.123222Z","2026-08-25T21:00:25Z","Midwest","MN","Fillmore County","27045"
"Finance and Commerce","Finance & Commerce","local_news","news","https://finance-commerce.com/feed/","2026-08-26T15:00:33.855423Z","2026-08-25T22:38:45Z","Midwest","MN","Hennepin County","27053"
"Frazee Forum","Frazee-Vergas Forum","local_news","news","https://frazeeforum.com/feed/","2026-08-26T15:11:46.548452Z","2026-08-20T22:13:25Z","Midwest","MN","Becker County","27005"
"Grant County Herald","Grant County Herald","local_news","news","https://grantcountyherald.com/feed/","2026-08-26T15:00:34.829958Z","2026-08-21T17:22:13Z","Midwest","MN","Grant County","27051"
"Herald Dispatch","Sleepy Eye Herald-Dispatch","local_news","news","https://www.sleepyeyenews.com/feed/","2026-08-26T15:00:33.484071Z","2026-08-26T14:51:26Z","Midwest","MN","Brown County","27015"
"Herald Journal","Herald Journal Publishing","local_news","news","https://herald-journal.com/feed/","2026-08-26T15:11:48.007890Z","2026-08-25T21:02:02Z","Midwest","MN","Wright County","27171"
"Hometown Focus","Hometown Focus | Northland news & stories","local_news","news","https://www.hometownfocus.us/feed/","2026-08-26T15:11:46.319677Z","2026-08-25T20:26:56Z","Midwest","MN","St. Louis County","27137"
"Independent News Herald","Independent News Herald","local_news","news","https://www.inhnews.com/blog-feed.xml","2026-08-26T15:00:34.861735Z",,"Midwest","MN","Todd County","27153"
"Isanti County News","www.hometownsource.com - RSS Results in county_news_review of type article","local_news","news","http://www.hometownsource.com/search/?f=rss&t=article&c=county_news_review&l=50&s=start_time&sd=desc","2026-08-26T15:00:33.384243Z","2026-08-25T18:00:00Z","Midwest","MN","Isanti County","27059"
"Jackson County Pilot","Jackson County Pilot","local_news","news","https://www.jacksoncountypilot.com/feed/","2026-08-26T15:11:47.542507Z","2026-08-26T14:48:07Z","Midwest","MN","Jackson County","27063"
"Kittson County Enterprise","The Kittson County Enterprise","local_news","news","https://www.kittsonarea.com/feed/","2026-08-26T15:00:34.953845Z","2026-08-04T13:44:42Z","Midwest","MN","Kittson County","27069"
"La Prensa de Minnesota","La Prensa de Minnesota","local_news","news","http://laprensademn.com/feed/","2026-08-26T04:31:55.622848Z","2026-08-25T21:00:56Z","Midwest","MN","Hennepin County","27053"
"Leader","www.southernminn.com - RSS Results in the_kenyon_leader of type article","local_news","news","http://www.southernminn.com/search/?f=rss&t=article&c=the_kenyon_leader&l=50&s=start_time&sd=desc","2026-08-26T04:31:55.771532Z","2026-08-25T09:27:00Z","Midwest","MN","Goodhue County","27049"
"Long Prairie Leader","Long Prairie Leader","local_news","news","http://www.lpleader.com/rss.xml","2026-08-26T04:31:56.334250Z","2026-08-05T20:22:48Z","Midwest","MN","Todd County","27153"
"Marshall Independent","Marshall Independent","local_news","news","https://www.marshallindependent.com/feed/","2026-08-26T15:11:49.915774Z","2026-08-26T05:00:56Z","Midwest","MN","Lyon County","27083"
"McLeod County Chronicle","Herald Journal Publishing","local_news","news","https://www.glencoenews.com/feed/","2026-08-26T15:11:49.388644Z","2026-08-25T21:02:02Z","Midwest","MN","McLeod County","27085"
"Messenger","Maple Lake Messenger","local_news","news","https://maplelakemessenger.com/feed/","2026-08-26T15:00:35.279522Z","2026-08-26T14:19:19Z","Midwest","MN","Wright County","27171"
"Minnesota Daily","The Minnesota Daily","local_news","news","https://mndaily.com/feed/","2026-08-26T15:00:35.981549Z","2026-08-17T14:12:52Z","Midwest","MN","Hennepin County","27053"
"Minnesota Spokesman-Recorder","Minnesota Spokesman-Recorder","local_news","news","https://spokesman-recorder.com/feed/","2026-08-26T04:32:03.018727Z","2026-08-25T10:00:00Z","Midwest","MN","Hennepin County","27053"
"Minnpost","MinnPost","local_news","news","https://www.minnpost.com/feed/","2026-08-26T15:00:37.350355Z","2026-08-26T14:54:00Z","Midwest","MN","Hennepin County","27053"
"Montevideo American News","Montevideo American News","local_news","news","https://www.montenews.com/feed/","2026-08-26T15:00:36.641158Z","2026-08-26T12:56:08Z","Midwest","MN","Chippewa County","27023"
"Mountain Lake Observer","Mt. Lake News","local_news","news","https://mtlakenews.com/feed/","2026-08-26T04:32:11.376094Z","2026-08-18T23:45:47Z","Midwest","MN","Cottonwood County","27033"
"New Ulm Journal","The Journal","local_news","news","https://www.nujournal.com/feed/","2026-08-26T15:11:50.370077Z","2026-08-26T05:00:59Z","Midwest","MN","Brown County","27015"
"Northfield News","www.southernminn.com - RSS Results in northfield_news of type article","local_news","news","http://www.southernminn.com/search/?f=rss&t=article&c=northfield_news&l=50&s=start_time&sd=desc","2026-08-26T04:32:03.930524Z","2026-08-25T09:27:00Z","Midwest","MN","Rice County","27131"
"Oracle","The Oracle","local_news","news","https://hamlineoracle.com/feed/","2026-08-26T04:32:15.259136Z","2026-08-25T18:56:23Z","Midwest","MN","Ramsey County","27123"
"Osakis Review","Osakis","local_news","news","https://www.echopress.com/osakis.rss","2026-08-26T15:00:38.660432Z",,"Midwest","MN","Todd County","27153"
"Owatonna People's Press","www.southernminn.com - RSS Results in owatonna_peoples_press of type article","local_news","news","http://www.southernminn.com/search/?f=rss&t=article&c=owatonna_peoples_press&l=50&s=start_time&sd=desc","2026-08-26T04:32:15.272896Z","2026-08-25T09:27:00Z","Midwest","MN","Steele County","27147"
"Park Rapids Enterprise","Park Rapids Enterprise | Park Rapids, Minnesota","local_news","news","https://www.parkrapidsenterprise.com/index.rss","2026-08-26T15:00:35.590203Z",,"Midwest","MN","Hubbard County","27057"
"Perham Focus","Perham Focus | Perham, Minnesota","local_news","news","https://www.perhamfocus.com/index.rss","2026-08-26T15:00:36.836730Z",,"Midwest","MN","Otter Tail County","27111"
"Pine and Lakes Echo Journal","Pine and Lakes Echo Journal | Pequot Lakes, Minnesota","local_news","news","https://www.pineandlakes.com/index.rss","2026-08-26T15:00:38.622545Z",,"Midwest","MN","Crow Wing County","27035"
"Pioneer","The Bemidji Pioneer | Bemidji, Minnesota","local_news","news","https://www.bemidjipioneer.com/index.rss","2026-08-26T15:00:37.613375Z",,"Midwest","MN","Beltrami County","27007"
"Pipestone County Star","Pipestone County Star","local_news","news","https://www.pipestonestar.com/feed/","2026-08-26T15:11:53.557727Z","2026-08-25T15:53:03Z","Midwest","MN","Pipestone County","27117"
"Pope County Tribune","Pope County Tribune","local_news","news","https://pctribune.com/feed/","2026-08-26T15:11:50.391704Z","2026-08-24T17:56:00Z","Midwest","MN","Pope County","27121"
"Post-Bulletin","Post Bulletin | Rochester, Minnesota","local_news","news","https://www.postbulletin.com/index.rss","2026-08-26T15:00:38.768326Z",,"Midwest","MN","Olmsted County","27109"
"Press & News","www.hometownsource.com - RSS Results in press_and_news of type article","local_news","news","http://www.hometownsource.com/search/?f=rss&t=article&c=press_and_news&l=50&s=start_time&sd=desc","2026-08-26T15:00:36.259694Z","2026-08-26T14:04:00Z","Midwest","MN","Hennepin County","27053"
"Proctor Journal","Proctor Journal","local_news","news","https://www.proctorjournal.com/feed/","2026-08-26T15:00:38.724787Z","2026-08-26T13:33:08Z","Midwest","MN","St. Louis County","27137"
"Redwood Falls Gazette","Redwood Falls Gazette","local_news","news","https://www.redwoodfallsgazette.com/feed/","2026-08-26T15:00:39.711747Z","2026-08-24T21:19:05Z","Midwest","MN","Redwood County","27127"
"Rock County Star Herald","Rock County Star Herald","local_news","news","https://www.star-herald.com/rss.xml","2026-08-26T04:32:17.250388Z","2026-08-21T19:58:22Z","Midwest","MN","Rock County","27133"
"Sentinel","Fairmont Sentinel","local_news","news","https://www.fairmontsentinel.com/feed/","2026-08-26T15:11:55.409409Z","2026-08-26T05:01:59Z","Midwest","MN","Martin County","27091"
"Sleepy Eye Online","Sleepy Eye ONLINE","local_news","news","https://www.sleepyeyeonline.com/goodnews/feed/","2026-08-26T04:32:27.856305Z","2026-08-25T21:14:39Z","Midwest","MN","Brown County","27015"
"Southwest Journal","Southwest Journal","local_news","news","https://www.southwestjournal.com/feed/","2026-08-26T04:32:30.479126Z","2026-08-24T10:38:33Z","Midwest","MN","Hennepin County","27053"
"Springfield Advance-Press","Springfield Advance-Press","local_news","news","https://www.springfieldap.com/rss.xml","2026-08-26T04:32:29.879956Z","2026-08-18T15:31:09Z","Midwest","MN","Brown County","27015"
"St. James Plaindealer","St. James Plaindealer","local_news","news","https://www.stjamesnews.com/feed/","2026-08-26T15:00:40.029606Z","2026-08-21T11:00:00Z","Midwest","MN","Watonwan County","27165"
"Staples World","Staples World","local_news","news","http://www.staplesworld.com/rss.xml","2026-08-26T04:32:32.646536Z","2026-08-18T20:36:49Z","Midwest","MN","Wadena County","27159"
"Sun-Post","www.hometownsource.com - RSS Results in sun_post of type article","local_news","news","http://www.hometownsource.com/search/?f=rss&t=article&c=sun_post&l=50&s=start_time&sd=desc","2026-08-26T15:00:40.717838Z","2026-08-05T15:47:00Z","Midwest","MN","Hennepin County","27053"
"Swift County Monitor","Swift County Monitor","local_news","news","http://www.swiftcountymonitor.com/rss.xml","2026-08-26T15:23:33.321095Z","2026-08-25T16:43:45Z","Midwest","MN","Swift County","27151"
"The Circle Online","The Circle News","local_news","news","https://thecirclenews.org/feed/","2026-08-26T15:00:41.458437Z","2026-08-20T00:33:09Z","Midwest","MN","Hennepin County","27053"
"Thief River Falls Times","Thief River Falls Times & Northern Watch - Official Page","local_news","news","https://trftimes.com/feed","2026-08-26T15:00:45.058530Z","2026-08-26T13:26:54Z","Midwest","MN","Pennington County","27113"
"Wabasha County Herald","Wabasha County Herald","local_news","news","http://gmdmedia.net/taxonomy/term/85/all/feed","2026-08-26T04:32:40.777677Z","2026-08-24T14:48:39Z","Midwest","MN","Wabasha County","27157"
"Wadena Pioneer Journal","Wadena Pioneer Journal | Wadena, Minnesota","local_news","news","https://www.wadenapj.com/index.rss","2026-08-26T15:00:44.341970Z",,"Midwest","MN","Wadena County","27159"
"West Central Tribune","West Central Tribune | Willmar, Minnesota","local_news","news","https://www.wctrib.com/index.rss","2026-08-26T15:00:45.677813Z",,"Midwest","MN","Kandiyohi County","27067"
"White Bear Press","www.presspubs.com - RSS Results in white_bear of type article","local_news","news","https://www.presspubs.com/search/?f=rss&t=article&c=white_bear&l=50&s=start_time&sd=desc","2026-08-26T15:00:45.370226Z","2026-08-17T21:46:00Z","Midwest","MN","Ramsey County","27123"
"Women's Press","Minnesota Women's Press","local_news","news","https://www.womenspress.com/feed/","2026-08-26T15:00:46.866517Z","2026-08-26T05:37:55Z","Midwest","MN","Ramsey County","27123"
"Wright Co Journal Press","The Drummer","local_news","news","http://www.thedrummer.com/taxonomy/term/131/all/feed","2026-08-26T15:00:45.199317Z","2026-08-20T18:29:39Z","Midwest","MN","Wright County","27171"
"Zumbrota News-Record","News-Record & Zumbro Shopper","local_news","news","https://www.zumbrota.com/rss.xml","2026-08-26T15:23:38.006207Z","2026-08-25T12:33:13Z","Midwest","MN","Goodhue County","27049"
"Atchison County Mail","Farmer Publishing","local_news","news","https://farmerpublishing.com/feed/","2026-08-26T04:32:49.069438Z","2026-08-19T20:39:17Z","Midwest","MO","Atchison County","29005"
"Bates County Live","Mid America Live","local_news","news","https://batescountynewswire.blogspot.com/feeds/posts/default","2026-08-26T15:00:45.140929Z","2026-08-26T13:31:34.781Z","Midwest","MO","Bates County","29013"
"Boone County Journal","www.columbiamissourian.com - RSS Results in boonecountyjournal of type article","local_news","news","https://www.columbiamissourian.com/search/?f=rss&t=article&c=boonecountyjournal&l=50&s=start_time&sd=desc","2026-08-26T15:00:45.699421Z","2026-08-26T11:00:00Z","Midwest","MO","Boone County","29019"
"Caldwell County News","The Caldwell County News","local_news","news","http://www.mycaldwellcounty.com/rss.xml","2026-08-26T04:32:49.260574Z","2026-08-05T16:43:01Z","Midwest","MO","Caldwell County","29025"
"Cash-Book Journal","The Cash-Book Journal","local_news","news","https://thecash-book.com/feed/","2026-08-26T15:00:47.981462Z","2026-08-19T10:04:14Z","Midwest","MO","Cape Girardeau County","29031"
"Constitution-Tribune","Chillicothe Constitution Tribune","local_news","news","https://www.chillicothenews.com/feed/","2026-08-26T15:00:48.139196Z","2026-08-24T18:59:40Z","Midwest","MO","Livingston County","29117"
"Daily News","Boonville Daily News","local_news","news","https://www.boonvilledailynews.com/feed/","2026-08-26T15:00:47.441800Z","2026-08-26T13:46:39Z","Midwest","MO","Cooper County","29053"
"Democrat","Cassville Democrat","local_news","news","https://www.cassville-democrat.com/feed/","2026-08-26T15:00:49.016735Z","2026-08-25T18:56:50Z","Midwest","MO","Barry County","29009"
"Dixon Pilot","The Dixon Pilot","local_news","news","https://www.dixonpilot.com/feed/","2026-08-26T15:00:49.847262Z","2026-08-26T14:56:30Z","Midwest","MO","Pulaski County","29169"
"Dos Mundos","Dos Mundos Bilingual Newspaper","local_news","news","https://dosmundos.com/feed/","2026-08-26T15:00:48.247526Z","2026-08-26T03:56:43Z","Midwest","MO","Jackson County","29095"
"Douglas County Herald","Douglas County Herald","local_news","news","https://www.douglascountyherald.com/feed/","2026-08-26T15:00:55.455152Z","2026-08-13T15:01:09Z","Midwest","MO","Douglas County","29067"
"El Dorado Springs Sun","El Dorado Springs Sun","local_news","news","https://eldoradospringsmo.com/feed/","2026-08-26T15:00:49.386225Z","2026-08-20T00:34:54Z","Midwest","MO","Cedar County","29039"
"Elsberry Democrat","Elsberry Democrat","local_news","news","https://www.elsberrydemocrat.com/feed/","2026-08-26T15:00:50.180387Z","2026-08-26T00:07:50Z","Midwest","MO","Lincoln County","29113"
"Examiner","The Examiner","local_news","news","https://www.examiner.net/feed/","2026-08-26T15:00:53.421461Z","2026-08-26T14:00:00Z","Midwest","MO","Dunklin County","29069"
"Fireside Guard","Centralia Fireside Guard","local_news","news","https://www.firesideguard.com/feed/","2026-08-26T15:00:53.449234Z","2026-08-22T04:25:41Z","Midwest","MO","Boone County","29019"
"FloValley News","flovalleynews.com","local_news","news","https://flovalleynews.com/?feed=rss2","2026-08-26T15:00:53.499239Z","2026-08-26T14:57:46Z","Midwest","MO","St. Louis County","29189"
"Greene County Commonwealth","Greene County Commonwealth","local_news","news","http://www.greenecountycommonwealth.com/rss.xml","2026-08-26T15:00:54.816344Z","2026-08-25T15:19:41Z","Midwest","MO","Greene County","29077"
"Hannibal Courier-Post","hannibal","local_news","news","https://hannibal.net/feed/","2026-08-26T15:12:04.883539Z","2026-08-25T22:36:00Z","Midwest","MO","Marion County","29127"
"Hermann Advertiser Courier","Hermann Advertiser Courier","local_news","news","https://www.hermannadvertisercourier.com/feed/","2026-08-26T15:00:55.231934Z","2026-08-25T11:00:00Z","Midwest","MO","Gasconade County","29073"
"Home Press","The Macon County Home Press","local_news","news","https://maconhomepress.com/feed.atom","2026-08-26T15:00:54.854467Z","2026-08-07T22:00:11Z","Midwest","MO","Macon County","29121"
"Houston Herald","Houston Herald","local_news","news","https://houstonherald.com/feed/","2026-08-26T15:00:56.142790Z","2026-08-26T14:22:42Z","Midwest","MO","Texas County","29215"
"I Call","St. Louis Call Newspapers","local_news","news","https://callnewspapers.com/feed/","2026-08-26T15:00:54.677647Z","2026-08-26T13:45:56Z","Midwest","MO","St. Louis city","29510"
"Ingrams","Ingram's","local_news","news","https://ingrams.com/feed/","2026-08-26T15:12:05.278053Z","2026-07-27T15:51:59Z","Midwest","MO","Jackson County","29095"
"Kansas City Northeast News","News - Northeast News","local_news","news","https://northeastnews.net/pages/category/news/feed/","2026-08-26T04:33:03.282427Z","2026-08-19T05:00:00Z","Midwest","MO","Jackson County","29095"
"Lake Gazette","Lake Gazette","local_news","news","https://www.lakegazette.net/feed/","2026-08-26T15:00:55.785698Z","2026-08-26T14:38:20Z","Midwest","MO","Monroe County","29137"
"Lamar Democrat","The Lamar Democrat","local_news","news","https://lamardemocrat.com/feed.atom","2026-08-26T15:00:54.288144Z","2026-08-25T20:41:01Z","Midwest","MO","Barton County","29011"
"Landmark","The Platte County Landmark Newspaper","local_news","news","https://plattecountylandmark.com/feed/","2026-08-26T15:00:58.429665Z","2026-08-20T20:10:48Z","Midwest","MO","Platte County","29165"
"Lincoln County Journal","Lincoln County Journal","local_news","news","https://www.lincolncountyjournal.com/feed/","2026-08-26T15:00:57.591566Z","2026-08-25T22:27:46Z","Midwest","MO","Lincoln County","29113"
"Linn County Leader","Linn County Leader","local_news","news","https://www.linncountyleader.com/feed/","2026-08-26T15:00:57.690426Z","2026-08-26T03:25:46Z","Midwest","MO","Linn County","29115"
"Louisiana Press Journal","Pike County News","local_news","news","https://www.pikecountynews.com/feed/","2026-08-26T15:00:46.902466Z","2026-08-25T21:23:24Z","Midwest","MO","Pike County","29163"
"Marshall Democrat-News","Marshall Democrat-News","local_news","news","https://www.marshallnews.com/feed/","2026-08-26T15:00:57.741898Z","2026-08-25T17:58:27Z","Midwest","MO","Saline County","29195"
"McDonald County Press","McDonald County Press stories","local_news","news","https://mdcp.nwaonline.com/rss/headlines/","2026-08-26T04:33:10.317356Z","2026-08-20T10:00:00Z","Midwest","MO","McDonald County","29119"
"Memphis Democrat","Memphis Democrat","local_news","news","https://www.memphisdemocrat.com/feed/","2026-08-26T15:00:57.555049Z","2026-08-21T19:41:49Z","Midwest","MO","Scotland County","29199"
"Misouri Lawyers Media","Missouri Lawyers Media","local_news","news","https://molawyersmedia.com/feed/","2026-08-26T15:00:59.036473Z","2026-08-26T14:11:27Z","Midwest","MO","St. Louis city","29510"
"Monitor-Index","Moberly Monitor-Index","local_news","news","https://www.moberlymonitor.com/feed/","2026-08-26T15:00:59.308432Z","2026-08-26T14:29:27Z","Midwest","MO","Randolph County","29175"
"Monroe County Appeal","The Monroe County Appeal & Ralls County Herald-Enterprise","local_news","news","https://monroecountyappeal.com/feed.atom","2026-08-26T15:00:59.697462Z","2026-08-25T22:00:10Z","Midwest","MO","Monroe County","29137"
"Ozark County Times","Ozark County Times","local_news","news","https://www.ozarkcountytimes.com/rss.xml","2026-08-26T15:00:59.460255Z","2026-08-24T15:59:50Z","Midwest","MO","Ozark County","29153"
"Palmyra Spectator","Palmyra Spectator","local_news","news","https://www.palmyra-spectator.com/feed/","2026-08-26T15:01:00.550212Z","2026-08-21T20:03:49Z","Midwest","MO","Marion County","29127"
"People's Tribune","The People's Tribune","local_news","news","http://thepeoplestribune.com/feed/","2026-08-26T04:33:11.449997Z","2026-08-18T21:50:46Z","Midwest","MO","Pike County","29163"
"Perryville Sun Times News","Sun Times News Online","local_news","news","https://suntimesnews.com/feed/","2026-08-26T15:01:01.775768Z","2026-08-26T11:00:00Z","Midwest","MO","Perry County","29157"
"Potosi Independent-Journal","The Independent-Journal","local_news","news","https://www.theijnews.com/feed.atom","2026-08-26T15:01:01.798115Z","2026-07-29T14:25:44Z","Midwest","MO","Washington County","29221"
"Press-News Journal","The Press-News Journal","local_news","news","https://lewispnj.com/feed.atom","2026-08-26T15:00:59.870657Z","2026-08-26T14:20:53Z","Midwest","MO","Lewis County","29111"
"Republican-Clipper","Bethany Republican-Clipper","local_news","news","https://www.bethanyclipper.com/feed/","2026-08-26T15:01:01.869418Z","2026-08-26T09:27:00Z","Midwest","MO","Harrison County","29081"
"Richmond News","Richmond Daily News","local_news","news","http://www.richmond-dailynews.com/rss.xml","2026-08-26T15:23:48.185241Z","2026-08-19T20:45:27Z","Midwest","MO","Ray County","29177"
"Rolla Daily News","The Rolla Daily News","local_news","news","https://therolladailynews.com/feed/","2026-08-26T15:01:02.515131Z","2026-08-24T14:19:15Z","Midwest","MO","Phelps County","29161"
"Salem News","thesalemnewsonline","local_news","news","https://thesalemnewsonline.com/feed/","2026-08-26T15:34:37.871822Z","2026-08-17T05:00:00Z","Midwest","MO","Dent County","29065"
"St Louis Post Dispatch","www.stltoday.com - RSS Results of type article with keyword(s) of #topstory","local_news","news","https://www.stltoday.com/search/?f=rss&t=article&l=50&s=start_time&sd=desc&k%5B%5D=%23topstory","2026-08-26T04:33:19.314805Z","2026-08-03T13:43:00Z","Midwest","MO","St. Louis city","29510"
"St. Louis American","St. Louis American","local_news","news","https://www.stlamerican.com/feed/","2026-08-26T15:01:03.640799Z","2026-08-26T12:00:00Z","Midwest","MO","St. Louis city","29510"
"Student Life Online","Student Life","local_news","news","https://www.studlife.com/sitemap.rss","2026-08-26T15:23:51.478237Z","2026-08-26T05:00:00Z","Midwest","MO","St. Louis County","29189"
"The Maneater","The Maneater","local_news","news","https://themaneater.com/feed/","2026-08-26T15:01:10.283118Z","2026-06-29T23:58:15Z","Midwest","MO","Boone County","29019"
"Times Newspapers","www.timesnewspapers.com - RSS Results in webster-kirkwoodtimes of type article","local_news","news","https://www.timesnewspapers.com/search/?f=rss&t=article&c=webster-kirkwoodtimes&l=50&s=start_time&sd=desc","2026-08-26T15:01:10.331377Z","2026-08-24T11:00:00Z","Midwest","MO","St. Louis County","29189"
"Tri-County Weekly","The Tri-County Weekly","local_news","news","https://www.jamesporttricountyweekly.com/feed.atom","2026-08-26T15:01:09.083511Z","2026-08-05T21:34:37Z","Midwest","MO","Daviess County","29061"
"University News","The University News","local_news","news","https://unewsonline.com/feed/","2026-08-26T04:33:25.636771Z","2026-08-25T00:28:49Z","Midwest","MO","St. Louis city","29510"
"Vandalia Leader","Vandalia Leader","local_news","news","https://www.vandalialeader.com/feed/","2026-08-26T15:01:11.826432Z","2026-08-25T21:44:40Z","Midwest","MO","Audrain County","29007"
"Vedette","The Greenfield Vedette","local_news","news","https://greenfieldvedette.com/feed.atom","2026-08-26T15:01:10.354561Z","2026-08-20T22:00:06Z","Midwest","MO","Dade County","29057"
"digitalBURG.com","CNN.com - RSS Channel - HP Hero","local_news","news","http://rss.cnn.com/rss/cnn_topstories.rss","2026-08-26T04:32:52.532643Z",,"Midwest","MO","Johnson County","29101"
"Calhoun County Journal","Calhoun County Journal","local_news","news","http://calhouncountyjournal.com/feed/","2026-08-26T04:33:27.997330Z","2026-08-26T03:19:16Z","South","MS","Calhoun County","28013"
"Charleston Sun-Sentinel","The Sun-Sentinel","local_news","news","https://www.tallahatchienews.ms/rss.xml","2026-08-26T15:01:14.713186Z","2026-08-25T16:34:01Z","South","MS","Tallahatchie County","28135"
"Clinton Courier","The Clinton Courier","local_news","news","https://www.theclintoncourier.net/feed/","2026-08-26T04:33:31.091861Z","2026-08-25T22:21:19Z","South","MS","Hinds County","28049"
"Copiah County Courier","The Copiah Monitor","local_news","news","https://www.copiahmonitor.com/feed/","2026-08-26T15:01:13.895842Z","2026-08-26T03:44:16Z","South","MS","Copiah County","28029"
"Daily Leader","Daily Leader","local_news","news","https://dailyleader.com/feed/","2026-08-26T15:12:21.782997Z","2026-08-25T18:55:18Z","South","MS","Lincoln County","28085"
"Daily Mississippian","The Daily Mississippian","local_news","news","https://thedmonline.com/feed/","2026-08-26T15:01:16.914389Z","2026-08-26T00:46:20Z","South","MS","Lafayette County","28071"
"Delta Business Journal","Delta Business Journal","local_news","news","https://deltabusinessjournal.com/feed/","2026-08-26T15:01:15.870268Z","2026-07-28T18:20:38Z","South","MS","Bolivar County","28011"
"Greene County Herald","Greene County Herald","local_news","news","https://www.greenecountyheraldonline.com/feed/","2026-08-26T04:33:34.027522Z","2026-07-28T13:26:21Z","South","MS","Greene County","28041"
"Gulf Pine Catholic","Gulf Pine Catholic","local_news","news","https://gulfpinecatholic.com/feed/","2026-08-26T15:01:16.467741Z","2026-08-21T12:42:26Z","South","MS","Harrison County","28047"
"Holmes County Herald","Holmes County Herald","local_news","news","https://www.holmescountyherald.com/feed/","2026-08-26T04:33:38.841835Z","2026-06-03T19:23:03Z","South","MS","Holmes County","28051"
"Jackson Advocate","Jackson Advocate","local_news","news","https://jacksonadvocateonline.com/feed/","2026-08-26T15:12:22.531193Z","2026-08-26T06:13:14Z","South","MS","Hinds County","28049"
"Jackson Progressive","Jackson's Progressive Blog","local_news","news","https://www.jacksonprogressive.com/sitemap.rss","2026-08-26T15:24:03.461171Z","2026-06-07T15:10:55Z","South","MS","Hinds County","28049"
"Lawrence County Press","Lawrence County Press","local_news","news","https://www.lawrencecountypress.com/feed/","2026-08-26T15:01:20.321553Z","2026-08-26T03:32:35Z","South","MS","Lawrence County","28077"
"Leland Progress","The Leland Progress","local_news","news","https://www.thelelandprogress.com/feed/","2026-08-26T15:01:19.748580Z","2026-08-25T20:43:00Z","South","MS","Washington County","28151"
"Magee News","MageeNews.com","local_news","news","https://mageenews.com/feed/","2026-08-26T15:01:26.257418Z","2026-08-25T17:28:41Z","South","MS","Simpson County","28127"
"Meridian Star","Meridian Star","local_news","news","https://meridianstar.com/feed/","2026-08-26T15:12:22.269556Z","2026-08-26T01:22:23Z","South","MS","Lauderdale County","28075"
"Miss-Lou Magazine","Miss Lou Magazine","local_news","news","https://missloumagazine.com/feed/","2026-08-26T15:01:17.089614Z","2026-08-25T13:48:22Z","South","MS","Adams County","28001"
"Mississippi Business Journal","Mississippi Business Journal","local_news","news","https://msbusinessjournal.com/feed/","2026-08-26T15:01:16.548552Z","2026-07-28T20:45:35Z","South","MS","Hinds County","28049"
"Mississippi Catholic","Mississippi Catholic","local_news","news","https://www.mississippicatholic.com/feed/","2026-08-26T15:12:22.820600Z","2026-08-16T19:24:20Z","South","MS","Hinds County","28049"
"Mississippi Link","The Mississippi Link","local_news","news","https://themississippilink.com/feed/","2026-08-26T04:33:42.987417Z","2026-08-20T01:10:15Z","South","MS","Hinds County","28049"
"North Mississippi Herald","The North Mississippi Herald","local_news","news","https://www.yalnews.com/feed/","2026-08-26T15:01:32.744198Z","2026-08-26T14:27:39Z","South","MS","Yalobusha County","28161"
"Oxford Eagle","The Oxford Eagle","local_news","news","https://oxfordeagle.com/feed/","2026-08-26T15:12:22.904904Z","2026-08-26T14:00:00Z","South","MS","Lafayette County","28071"
"Panolian","The Panolian","local_news","news","https://panolian.com/feed/","2026-08-26T15:34:49.265285Z","2026-08-20T18:11:43Z","South","MS","Panola County","28107"
"Picayune Item","Picayune Item","local_news","news","https://picayuneitem.com/feed/","2026-08-26T15:12:22.820101Z","2026-08-26T15:00:45Z","South","MS","Pearl River County","28109"
"Prentiss Headlight","Prentiss Headlight","local_news","news","https://prentissheadlight.com/feed/","2026-08-26T15:34:49.391528Z","2026-08-17T16:33:40Z","South","MS","Jefferson Davis County","28065"
"Star Herald","starherald.net o The Star-Herald o Kosciusko, Mississippi","local_news","news","https://www.starherald.net/rss.xml","2026-08-26T15:01:28.721155Z","2026-08-25T16:30:01Z","South","MS","Attala County","28007"
"The Reflector","The Reflector","local_news","news","https://reflector-online.com/feed/","2026-08-26T15:01:28.593754Z","2026-08-26T05:58:18Z","South","MS","Oktibbeha County","28105"
"Wayne Co. News","The Wayne County News","local_news","news","https://thewaynecountynews.com/feed.atom","2026-08-26T15:01:28.749176Z","2026-08-26T01:38:21Z","South","MS","Wayne County","28153"
"Bitterroot Star","Bitterroot Star","local_news","news","https://bitterrootstar.com/feed/","2026-08-26T15:01:40.320502Z","2026-08-25T21:13:14Z","West","MT","Ravalli County","30081"
"Ennis Madisonian","The Madisonian - THE LOCAL NEWS OF THE MADISON VALLEY, RUBY VALLEY AND SURROUNDING AREAS","local_news","news","https://www.madisoniannews.com/rss.xml","2026-08-26T15:01:37.244012Z","2026-08-22T16:02:39Z","West","MT","Madison County","30057"
"Explore Big Sky","Explore Big Sky","local_news","news","http://www.explorebigsky.com/feed","2026-08-26T04:33:55.060170Z","2026-08-25T22:43:31Z","West","MT","Gallatin County","30031"
"Fallon County Times","Fallon County Extra","local_news","news","http://falloncountyextra.com/feed/","2026-08-26T04:33:55.102796Z","2026-08-22T20:15:06Z","West","MT","Fallon County","30025"
"Flathead Beacon","Flathead Beacon","local_news","news","https://flatheadbeacon.com/feed/","2026-08-26T15:01:37.200090Z","2026-08-26T14:35:28Z","West","MT","Flathead County","30029"
"Glasgow Courier","The Glasgow Courier - RSS Feed","local_news","news","https://www.glasgowcourier.com/rss","2026-08-26T15:34:59.480495Z","2026-08-19T09:21:00Z","West","MT","Valley County","30105"
"Havre Daily News","Havre Weekly Chronicle - RSS Feed","local_news","news","https://www.havredailynews.com/rss","2026-08-26T15:34:58.997925Z","2026-07-20T07:03:00Z","West","MT","Hill County","30041"
"Missoula Independent","Missoula News","local_news","news","https://missoulanews.com/feed/","2026-08-26T15:01:37.964775Z","2026-06-27T03:07:56Z","West","MT","Missoula County","30063"
"Pathfinder","Seeley Swan Pathfinder - RSS Feed","local_news","news","https://www.seeleylake.com/rss","2026-08-26T15:35:03.575961Z","2026-08-19T17:53:00Z","West","MT","Missoula County","30063"
"Phillips County News","Phillips County News - RSS Feed","local_news","news","https://www.phillipscountynews.com/rss","2026-08-26T15:35:03.783884Z","2026-08-26T06:00:00Z","West","MT","Phillips County","30071"
"Sanders County Ledger","Sanders County Ledger - RSS Feed","local_news","news","https://www.scledger.net/rss","2026-08-26T15:35:03.578999Z","2026-08-19T08:00:00Z","West","MT","Sanders County","30089"
"Sidney Herald-Leader","Sidney Herald","local_news","news","https://www.sidneyherald.com/index.rss","2026-08-26T15:01:39.765125Z",,"West","MT","Richland County","30083"
"Sidney Roundup","The Roundup - RSS Feed","local_news","news","https://www.roundupweb.com/rss","2026-08-26T15:35:03.743993Z","2026-08-25T09:41:00Z","West","MT","Richland County","30083"
"Whitehall Ledger","The Whitehall Ledger - RSS Feed","local_news","news","https://www.whitehallledger.com/rss","2026-08-26T15:35:05.834927Z","2026-08-25T12:11:00Z","West","MT","Jefferson County","30043"
"Anson Record","Anson Record","local_news","news","https://www.ansonrecord.com/feed","2026-08-26T15:01:42.201036Z","2026-08-20T14:13:00Z","South","NC","Anson County","37007"
"Beaufort Observer","Eastern NC Now","local_news","news","https://www.beaufortcountynow.com/rss","2026-08-26T15:35:05.901004Z",,"South","NC","Beaufort County","37013"
"Bladen Journal","Bladen Journal","local_news","news","https://www.bladenjournal.com/feed","2026-08-26T04:34:03.114341Z","2026-08-25T02:36:00Z","South","NC","Bladen County","37017"
"Chatham Journal","Chatham Journal Newspaper","local_news","news","https://chathamjournal.com/feed/","2026-08-26T15:01:41.187339Z","2026-08-25T00:47:32Z","South","NC","Chatham County","37037"
"Chronicle","WS Chronicle","local_news","news","https://wschronicle.com/feed/","2026-08-26T04:34:12.114495Z","2026-08-11T22:51:18Z","South","NC","Forsyth County","37067"
"Creative Loafing","Creative Loafing Charlotte","local_news","news","https://clclt.com/feed/","2026-08-26T15:01:43.737203Z","2026-08-21T16:20:35Z","South","NC","Mecklenburg County","37119"
"Durham Skywriter","Durham Skywriter","local_news","news","https://www.durhamskywriter.com/blog-feed.xml","2026-08-26T15:01:45.043421Z",,"South","NC","Durham County","37063"
"Enterprise-Record","Davie County Enterprise Record","local_news","news","https://ourdavie.com/feed/","2026-08-26T15:12:42.231763Z","2026-08-26T10:00:00Z","South","NC","Davie County","37059"
"Focus","Focus Newspaper","local_news","news","https://focusnewspaper.com/feed/","2026-08-26T15:01:44.732580Z","2026-08-19T22:50:56Z","South","NC","Catawba County","37035"
"High Country Press","High Country Press","local_news","news","http://feeds.feedburner.com/HighCountryPress/","2026-08-26T04:34:29.525845Z","2026-08-05T09:10:37Z","South","NC","Watauga County","37189"
"La Conexion","La Conexion USA","local_news","news","https://laconexionusa.com/feed/","2026-08-26T15:01:52.410706Z","2026-08-26T14:58:38Z","South","NC","Wake County","37183"
"La Noticia","La Noticia","local_news","news","https://lanoticia.com/feed/","2026-08-26T15:01:47.650640Z","2026-08-26T14:34:19Z","South","NC","Mecklenburg County","37119"
"Laurinburg Exchange","Laurinburg Exchange","local_news","news","https://laurinburgexchange.com/feed","2026-08-26T15:01:47.742785Z","2026-08-25T18:23:00Z","South","NC","Scotland County","37165"
"Mecklenburg Times","Mecklenburg Times: News for Mecklenburg, Union and Iredell counties","local_news","news","https://mecktimes.com/feed/","2026-08-26T15:01:52.122398Z","2026-08-25T16:00:45Z","South","NC","Mecklenburg County","37119"
"Mount Olive Tribune","Mount Olive Tribune","local_news","news","https://www.mountolivetribune.com/feed/","2026-08-26T15:01:52.338642Z","2026-08-18T16:00:00Z","South","NC","Wayne County","37191"
"Mountain Times","www.wataugademocrat.com - RSS Results in mountaintimes of type article","local_news","news","http://www.wataugademocrat.com/search/?f=rss&t=article&c=mountaintimes&l=50&s=start_time&sd=desc","2026-08-26T15:01:48.383215Z","2026-08-20T09:23:00Z","South","NC","Watauga County","37189"
"Mountain Xpress","Mountain Xpress","local_news","news","https://mountainx.com/feed/","2026-08-26T04:34:34.352659Z","2026-08-25T19:00:08Z","South","NC","Buncombe County","37021"
"North State Journal","The North State Journal","local_news","news","https://nsjonline.com/feed/","2026-08-26T15:01:49.828120Z","2026-08-24T19:30:00Z","South","NC","Wake County","37183"
"Que Pasa","Que Pasa","local_news","news","https://quepasamedia.com/feed/","2026-08-26T15:01:47.622196Z","2026-08-26T15:01:01Z","South","NC","Mecklenburg County","37119"
"Rhino Times","The Rhino Times of Greensboro","local_news","news","https://www.rhinotimes.com/feed/","2026-08-26T15:01:55.727211Z","2026-08-26T14:27:54Z","South","NC","Guilford County","37081"
"Richmond Co. Daily Journal","Richmond County Daily Journal","local_news","news","https://www.yourdailyjournal.com/feed","2026-08-26T15:01:56.356865Z","2026-08-23T14:42:00Z","South","NC","Richmond County","37153"
"Robesonian","Robesonian","local_news","news","https://www.robesonian.com/feed","2026-08-26T15:01:55.228802Z","2026-08-26T14:55:00Z","South","NC","Robeson County","37155"
"Salisbury Post","Salisbury Post","local_news","news","https://www.salisburypost.com/feed/","2026-08-26T15:35:16.095289Z","2026-08-26T14:32:26Z","South","NC","Rowan County","37159"
"Sampson Independent","Sampson Independent","local_news","news","https://www.clintonnc.com/feed","2026-08-26T15:01:54.765075Z","2026-08-26T13:34:00Z","South","NC","Sampson County","37163"
"Selma News","The Selma Report","local_news","news","https://theselmanews.com/feed/","2026-08-26T15:01:55.251957Z","2026-06-10T18:31:31Z","South","NC","Johnston County","37101"
"Smoky Mountain News","Smoky Mountain News","local_news","news","https://smokymountainnews.com/feed/","2026-08-26T15:01:56.362249Z","2026-08-26T14:58:21Z","South","NC","Haywood County","37087"
"Stanly News & Press","Stanly News Journal","local_news","news","https://stanlynewsjournal.com/feed/","2026-08-26T15:01:57.423820Z","2026-08-26T14:21:04Z","South","NC","Stanly County","37167"
"Taylorsville Times","The Taylorsville Times","local_news","news","https://www.taylorsvilletimes.com/feed/","2026-08-26T15:01:58.718856Z","2026-08-25T00:40:48Z","South","NC","Alexander County","37003"
"Technician Online","Technician","local_news","news","https://technicianonline.com/feed/","2026-08-26T15:01:59.132979Z","2026-08-26T14:00:14Z","South","NC","Wake County","37183"
"The A & T Register","The A&T Register","local_news","news","https://ncatregister.com/feed/","2026-08-26T04:34:45.079048Z","2026-07-18T15:08:18Z","South","NC","Guilford County","37081"
"The Appalachian","The Appalachian","local_news","news","https://theappalachianonline.com/feed/","2026-08-26T04:34:45.982726Z","2026-08-26T00:51:35Z","South","NC","Watauga County","37189"
"The Daily Tar Heel","The Daily Tar Heel","local_news","news","https://dailytarheel.com/feed/","2026-08-26T15:01:58.593502Z","2026-08-25T23:02:15Z","South","NC","Orange County","37135"
"Thomasville Times","www.hpenews.com - RSS Results in thomasville_times of type article","local_news","news","https://www.hpenews.com/search/?f=rss&t=article&c=thomasville_times&l=50&s=start_time&sd=desc","2026-08-26T15:01:59.532368Z","2026-08-25T22:00:00Z","South","NC","Davidson County","37057"
"Tryon Daily Bulletin","The Tryon Daily Bulletin","local_news","news","https://tryondailybulletin.com/feed/","2026-08-26T15:13:01.140073Z","2026-08-25T18:00:14Z","South","NC","Polk County","37149"
"Ag Week","Agweek | Agriculture news in North Dakota Minnesota South Dakota Iowa","local_news","news","https://www.agweek.com/index.rss","2026-08-26T15:00:26.962346Z",,"Midwest","ND","Grand Forks County","38035"
"Benson County Farmers Press","Benson County Farmers Press","local_news","news","https://www.bensoncountynews.com/feed/","2026-08-26T15:02:00.515387Z","2026-07-02T14:10:50Z","Midwest","ND","Benson County","38005"
"DSU BlueHawks","Dickinson State University","local_news","news","https://dsubluehawks.com/rss","2026-08-26T15:35:21.464391Z",,"Midwest","ND","Stark County","38089"
"Devils Lake Journal","Devil's Lake Daily Journal","local_news","news","https://www.devilslakejournal.com/feed/","2026-08-26T15:02:03.525911Z","2026-08-25T16:00:00Z","Midwest","ND","Ramsey County","38071"
"Emmons County Record","Emmons County Record","local_news","news","https://www.ecrecord.com/feed/","2026-08-26T15:13:07.698250Z","2026-08-19T22:00:00Z","Midwest","ND","Emmons County","38029"
"Grand Forks Herald","Grand Forks Herald | News, weather & sports from Grand Forks and East Grand Forks","local_news","news","https://www.grandforksherald.com/index.rss","2026-08-26T15:02:02.638591Z",,"Midwest","ND","Grand Forks County","38035"
"High Plains Reader","High Plains Reader Fargo, ND","local_news","news","https://hpr1.com/feed/","2026-08-26T15:02:02.233855Z","2026-08-26T14:00:00Z","Midwest","ND","Cass County","38017"
"INForum","InForum | The Forum of Fargo-Moorhead","local_news","news","https://www.inforum.com/index.rss","2026-08-26T15:02:02.917Z",,"Midwest","ND","Cass County","38017"
"Jamestown Sun","The Jamestown Sun | Jamestown, North Dakota","local_news","news","https://www.jamestownsun.com/index.rss","2026-08-26T15:02:03.587384Z",,"Midwest","ND","Stutsman County","38093"
"Journal","The Journal","local_news","news","https://www.journalnd.com/feed/","2026-08-26T15:13:07.736547Z","2026-08-25T20:30:00Z","Midwest","ND","Divide County","38023"
"McKenzie County Farmer","McKenzie County Farmer","local_news","news","https://www.watfordcitynd.com/index.rss","2026-08-26T15:02:03.215221Z",,"Midwest","ND","McKenzie County","38053"
"Minot Daily News","Minot Daily News","local_news","news","https://www.minotdailynews.com/feed/","2026-08-26T15:13:08.130583Z","2026-08-26T06:00:57Z","Midwest","ND","Ward County","38101"
"Northern Sentry","Northern Sentry","local_news","news","https://northernsentry.com/feed/","2026-08-26T15:02:03.281092Z","2026-08-20T12:59:38Z","Midwest","ND","Ward County","38101"
"The Dickinson Press","The Dickinson Press","local_news","news","https://www.thedickinsonpress.com/index.rss","2026-08-26T15:02:03.931318Z",,"Midwest","ND","Stark County","38089"
"UND Dakota Student","Dakota Student","local_news","news","https://dakotastudent.com/feed/","2026-08-26T15:02:07.780655Z","2026-08-26T13:00:34Z","Midwest","ND","Grand Forks County","38035"
"Wahpeton Daily News","Wahpeton Daily News","local_news","news","https://www.wahpetondailynews.com/index.rss","2026-08-26T15:02:07.813472Z",,"Midwest","ND","Richland County","38077"
"Walsh County Record","The Walsh County Record","local_news","news","https://www.wcrecord.com/feed/","2026-08-26T15:13:08.793843Z","2026-08-20T21:00:00Z","Midwest","ND","Walsh County","38099"
"West Fargo Pioneer","West Fargo","local_news","news","https://www.inforum.com/news/west-fargo.rss","2026-08-26T15:02:07.827812Z",,"Midwest","ND","Cass County","38017"
"Williston Daily Herald","Williston Herald","local_news","news","https://www.willistonherald.com/index.rss","2026-08-26T15:02:07.847790Z",,"Midwest","ND","Williams County","38105"
"Ainsworth Star-Journal","Ainsworth Star-Journal","local_news","news","http://www.ainsworthnews.com/rss.xml","2026-08-26T15:24:36.779996Z","2026-08-25T20:45:43Z","Midwest","NE","Brown County","31017"
"Albion News","Albion News - Boone County Tribune","local_news","news","https://www.albionnewsonline.com/rss.xml","2026-08-26T15:24:36.429163Z","2026-08-12T21:42:21Z","Midwest","NE","Boone County","31011"
"Alliance Times-Herald","Alliance Times-Herald","local_news","news","https://alliancetimes.com/feed/","2026-08-26T04:34:53.799819Z","2026-08-25T16:44:02Z","Midwest","NE","Box Butte County","31013"
"Aurora News-Register","Aurora News-Register","local_news","news","https://www.auroranewsregister.com/rss.xml","2026-08-26T15:24:36.386851Z","2026-08-25T18:25:51Z","Midwest","NE","Hamilton County","31081"
"Douglas County Post-Gazette","Douglas County Post-Gazette","local_news","news","https://www.dcpostgazette.com/feed/","2026-08-26T15:13:11.271232Z","2026-08-21T19:05:34Z","Midwest","NE","Douglas County","31055"
"Elgin Review","The Elgin Review Online Edition","local_news","news","http://elginreview.com/feed/","2026-08-26T04:34:55.698063Z","2026-08-19T20:07:26Z","Midwest","NE","Antelope County","31003"
"Falls City Journal","THE FALLS CITY JOURNAL","local_news","news","https://fcjournal.net/feed/","2026-08-26T15:02:09.706031Z","2026-08-25T14:43:44Z","Midwest","NE","Richardson County","31147"
"Hebron Journal-Register","Hebron Journal Register","local_news","news","https://hebronjournalregister.com/feed/","2026-08-26T15:02:09.863558Z","2026-08-11T16:31:42Z","Midwest","NE","Thayer County","31169"
"Hickman Voice News","The Voice News of Southeast Nebraska","local_news","news","https://www.voicenewsnebraska.com/feed/","2026-08-26T15:13:11.927041Z","2026-08-22T14:06:37Z","Midwest","NE","Lancaster County","31109"
"Nebraska Press Association","Nebraska Press Association","local_news","news","https://nebpress.com/feed/","2026-08-26T15:02:13.905614Z","2026-06-26T20:46:41Z","Midwest","NE","Lancaster County","31109"
"Nebraska Signal","The Nebraska Signal","local_news","news","https://thenebraskasignal.com/feed/","2026-08-26T15:02:12.866901Z","2026-06-09T15:26:01Z","Midwest","NE","Fillmore County","31059"
"News Press","Nebraska City News-Press","local_news","news","https://www.ncnewspress.com/feed/","2026-08-26T15:02:11.812650Z","2026-08-25T19:36:27Z","Midwest","NE","Otoe County","31131"
"North Platte Bulletin","North Platte Bulletin","local_news","news","https://northplattebulletin.com/feed/","2026-08-26T15:13:14.938172Z","2026-08-26T14:42:18Z","Midwest","NE","Lincoln County","31111"
"Omaha Daily Record","Omaha Daily Record","local_news","news","https://www.omahadailyrecord.com/rss.xml","2026-08-26T15:02:11.947650Z","2026-08-26T06:00:00Z","Midwest","NE","Douglas County","31055"
"Omaha Reader","The Reader","local_news","news","https://thereader.com/feed/","2026-08-26T15:02:13.872624Z","2026-08-25T14:07:35Z","Midwest","NE","Douglas County","31055"
"Pawnee Republican","Pawnee Republican","local_news","news","https://www.pawneerepublican.com/rss.xml","2026-08-26T15:24:49.841898Z","2026-08-19T00:17:09Z","Midwest","NE","Pawnee County","31133"
"Shelton Clipper","The Shelton Clipper","local_news","news","https://www.clipperpubco.com/rss.xml","2026-08-26T15:02:09.536070Z","2026-07-09T16:49:39Z","Midwest","NE","Buffalo County","31019"
"Superior Express","The Superior Express - RSS Feed","local_news","news","https://www.superiorne.com/rss","2026-08-26T15:35:38.468104Z","2026-08-19T17:26:00Z","Midwest","NE","Nuckolls County","31129"
"Syracuse Journal-Democrat","Syracuse Journal-Democrat","local_news","news","https://www.journaldemocrat.com/feed/","2026-08-26T15:02:13.606022Z","2026-08-26T15:01:34Z","Midwest","NE","Otoe County","31131"
"Western Nebraska Observer","Latest articles - Western Nebraska Observer","local_news","news","https://www.westernnebraskaobserver.com/rss/articles","2026-08-26T15:02:15.670015Z","2026-08-20T12:00:15Z","Midwest","NE","Kimball County","31105"
"Bedford Journal","CabinetPress.com | Web Feeds","local_news","news","http://feeds.feedburner.com/CabinetPress/local","2026-08-26T04:35:02.906102Z",,"Northeast","NH","Hillsborough County","33011"
"Bow Times","The Bow Times","local_news","news","https://thebowtimes.com/news/feed/","2026-08-26T04:35:02.924720Z","2026-08-17T17:27:16Z","Northeast","NH","Merrimack County","33013"
"Concord Monitor","Concord Monitor","local_news","news","https://www.concordmonitor.com/feed/","2026-08-26T15:02:16.055743Z","2026-08-26T15:01:36Z","Northeast","NH","Merrimack County","33013"
"Dartmouth Review","The Dartmouth Review","local_news","news","https://dartreview.com/feed/","2026-08-26T15:02:15.804006Z","2026-06-03T02:18:09Z","Northeast","NH","Grafton County","33009"
"Hippo Press","Hippo Press","local_news","news","https://hippopress.com/feed/","2026-08-26T15:02:17.593444Z","2026-08-26T14:56:18Z","Northeast","NH","Hillsborough County","33011"
"Intertown Record","InterTown Record News","local_news","news","https://www.intertownrecord.com/blog-feed.xml","2026-08-26T15:02:16.238022Z",,"Northeast","NH","Merrimack County","33013"
"Londonderry Times","Londonderry Times","local_news","news","https://londonderrytimes.net/feed/","2026-08-26T04:35:04.494700Z","2026-08-22T23:06:05Z","Northeast","NH","Rockingham County","33015"
"Monadnock Ledger","Monadnock Ledger-Transcript","local_news","news","https://ledgertranscript.com/feed/","2026-08-26T15:02:17.136606Z","2026-08-26T14:48:01Z","Northeast","NH","Hillsborough County","33011"
"New Hampshire Business Review","NH Business Review","local_news","news","https://www.nhbr.com/feed/","2026-08-26T15:02:17.421179Z","2026-08-25T14:50:26Z","Northeast","NH","Hillsborough County","33011"
"New Hampshire Gazette","The New Hampshire Gazette","local_news","news","https://www.nhgazette.com/feed/","2026-08-26T04:35:05.024324Z","2026-08-26T04:00:00Z","Northeast","NH","Rockingham County","33015"
"Raymond Area News","Raymond Area News","local_news","news","https://raymondareanews.com/feed/","2026-08-26T15:02:18.029640Z","2026-07-16T15:52:53Z","Northeast","NH","Rockingham County","33015"
"Coast Star","Star News Group","local_news","news","https://starnewsgroup.com/feed/","2026-08-26T15:02:19.254933Z","2026-08-25T16:52:06Z","Northeast","NJ","Monmouth County","34025"
"Essex News Daily","Essex News Daily","local_news","news","https://essexnewsdaily.com/feed/","2026-08-26T04:35:14.018025Z","2026-08-22T14:00:31Z","Northeast","NJ","Union County","34039"
"Franklin Township Sentinel","The Sentinel Of Gloucester County","local_news","news","http://thenjsentinel.com/feed/","2026-08-26T04:35:14.254930Z","2026-08-25T19:24:31Z","Northeast","NJ","Gloucester County","34015"
"Jewish Community Voice","Jewish Community Voice","local_news","news","https://www.jewishvoicesnj.org/feed/","2026-08-26T15:13:25.597131Z","2026-08-23T12:00:40Z","Northeast","NJ","Camden County","34007"
"Kearny Observer","The Observer Online","local_news","news","https://www.theobserver.com/feed/","2026-08-26T04:35:16.856772Z","2026-08-24T22:22:20Z","Northeast","NJ","Hudson County","34017"
"Madison Eagle","www.newjerseyhills.com - RSS Results in madison_eagle of type article","local_news","news","https://www.newjerseyhills.com/search/?f=rss&t=article&c=madison_eagle&l=50&s=start_time&sd=desc","2026-08-26T04:35:16.862847Z","2026-08-25T16:36:00Z","Northeast","NJ","Morris County","34027"
"Morris News Bee","www.newjerseyhills.com - RSS Results in morris_news_bee of type article","local_news","news","https://www.newjerseyhills.com/search/?f=rss&t=article&c=morris_news_bee&l=50&s=start_time&sd=desc","2026-08-26T04:35:17.337888Z","2026-08-25T20:16:00Z","Northeast","NJ","Morris County","34027"
"NJBIZ","NJBIZ","local_news","news","https://njbiz.com/feed/","2026-08-26T15:02:19.296845Z","2026-08-26T14:22:16Z","Northeast","NJ","Middlesex County","34023"
"NJToday.net","NJTODAY.NET","local_news","news","https://njtoday.news/feed/","2026-08-26T04:35:19.607435Z","2026-08-25T12:58:30Z","Northeast","NJ","Union County","34039"
"Nassau Weekly","Nassau Weekly","local_news","news","http://nassauweekly.com/feed/","2026-08-26T04:35:17.872592Z","2026-07-28T17:24:13Z","Northeast","NJ","Mercer County","34021"
"Observer Tribune","www.newjerseyhills.com - RSS Results in observer-tribune of type article","local_news","news","https://www.newjerseyhills.com/search/?f=rss&t=article&c=observer-tribune&l=50&s=start_time&sd=desc","2026-08-26T04:35:18.404011Z","2026-08-24T15:47:00Z","Northeast","NJ","Morris County","34027"
"Parsippany Focus","Parsippany Focus","local_news","news","https://parsippanyfocus.com/feed/","2026-08-26T04:35:18.668635Z","2026-08-25T19:48:21Z","Northeast","NJ","Morris County","34027"
"The Montclarion","The Montclarion","local_news","news","http://themontclarion.org/feed/","2026-08-26T04:35:26.326339Z","2026-08-21T18:07:23Z","Northeast","NJ","Passaic County","34031"
"The Rider News","The Rider News","local_news","news","http://theridernews.com/feed/","2026-08-26T04:35:26.388556Z","2026-08-19T12:00:00Z","Northeast","NJ","Mercer County","34021"
"The Tower","THE TOWER","local_news","news","http://kutower.com/feed/","2026-08-26T04:35:35.691004Z","2026-08-04T20:00:00Z","Northeast","NJ","Union County","34039"
"The Vector Online","The Vector","local_news","news","https://njitvector.com/feed/atom/","2026-08-26T15:02:21.155624Z","2026-06-04T17:53:04Z","Northeast","NJ","Essex County","34013"
"The Whit","The Whit","local_news","news","https://thewhitonline.com/feed/","2026-08-26T04:35:28.306658Z","2026-08-26T02:56:34Z","Northeast","NJ","Gloucester County","34015"
"Town Topics","Town Topics","local_news","news","https://www.towntopics.com/feed/","2026-08-26T15:02:24.769038Z","2026-08-26T07:30:43Z","Northeast","NJ","Mercer County","34021"
"Two River Times","Two River Times","local_news","news","http://tworivertimes.com/feed/","2026-08-26T04:35:36.616313Z","2026-08-24T20:35:12Z","Northeast","NJ","Monmouth County","34025"
"U.S. 1","Princeton Info","local_news","news","https://princetoninfo.com/feed/","2026-08-26T15:02:24.657471Z","2026-08-21T13:51:57Z","Northeast","NJ","Mercer County","34021"
"Union News Daily","Union News Daily","local_news","news","https://unionnewsdaily.com/feed","2026-08-26T04:35:37.919844Z","2026-08-22T13:15:02Z","Northeast","NJ","Union County","34039"
"Alamogordo Daily News","Alamogordo News","local_news","news","https://alamogordonews.com/feed/","2026-08-26T15:02:26.323404Z","2026-08-23T18:00:00Z","West","NM","Otero County","35035"
"Current-Argus","Carlsbad Current Argus","local_news","news","https://currentargus.com/feed/","2026-08-26T15:02:27.950812Z","2026-08-26T11:00:00Z","West","NM","Eddy County","35015"
"Daily Press","Artesia Daily Press","local_news","news","https://artesianews.com/feed/","2026-08-26T04:35:38.898445Z","2026-08-25T13:00:00Z","West","NM","Eddy County","35015"
"Deming Headlight","News","local_news","news","https://www.demingheadlight.com/feed/","2026-08-26T15:13:30.702891Z","2026-08-26T09:01:39Z","West","NM","Luna County","35029"
"Grant County Beat","Grant County NM Front Page News","local_news","news","https://www.grantcountybeat.com/?format=feed&type=atom","2026-08-26T15:02:30.524740Z","2026-08-25T21:39:13Z","West","NM","Grant County","35017"
"Green Fire Times","Green Fire Times","local_news","news","https://www.greenfiretimes.com/blog-feed.xml","2026-08-26T15:02:27.123212Z",,"West","NM","Santa Fe County","35049"
"Hobbs News-Sun","www.hobbsnews.com","local_news","news","https://www.hobbsnews.com/feed/","2026-08-26T15:02:27.181073Z","2026-08-12T14:16:28Z","West","NM","Lea County","35025"
"Jal Record","The Jal Record","local_news","news","https://jalrecord.net/feed/","2026-08-26T15:02:30.561761Z","2026-08-22T18:44:23Z","West","NM","Lea County","35025"
"Mountain View Telegraph","MV TELEGRAPH","local_news","news","https://mvtelegraph.com/feed/","2026-08-26T15:02:31.500622Z","2026-08-21T08:17:25Z","West","NM","Torrance County","35057"
"Rio Grande Sun","Rio Grande Sun","local_news","news","https://riograndesun.com/feed/","2026-08-26T15:02:32.276633Z","2026-08-24T14:00:00Z","West","NM","Rio Arriba County","35039"
"Roswell Daily Record","Roswell record","local_news","news","https://www.roswell-record.com/feed/","2026-08-26T15:02:32.298825Z","2026-07-17T04:19:13Z","West","NM","Chaves County","35005"
"Ruidoso News","Ruidoso News","local_news","news","https://ruidosonews.com/feed/","2026-08-26T15:02:33.009344Z","2026-08-26T06:00:00Z","West","NM","Lincoln County","35027"
"Santa Fe Reporter","Santa Fe Reporter","local_news","news","http://sfreporter.com/api/rss/content.rss","2026-08-26T15:02:32.578718Z","2026-08-25T15:46:18Z","West","NM","Santa Fe County","35049"
"Silver City Daily Press","Silvercity Daily Press","local_news","news","https://www.scdailypress.com/silvercitydailypress/news/feed/","2026-08-26T15:02:32.047231Z","2026-08-25T19:00:24Z","West","NM","Grant County","35017"
"The Round Up","Round Up Daily","local_news","news","http://roundupdaily.com/feed/","2026-08-26T15:02:34.575118Z","2026-08-19T05:18:05Z","West","NM","Dona Ana County","35013"
"Boulder City Review","Boulder City Review","local_news","news","https://bouldercityreview.com/feed/","2026-08-26T04:35:50.164523Z","2026-08-21T00:01:44Z","West","NV","Clark County","32003"
"Daily Sparks Tribune","Sparks Tribune","local_news","news","http://sparkstrib.com/feed/","2026-08-26T04:35:50.181698Z","2026-08-10T19:39:41Z","West","NV","Washoe County","32031"
"Ely Daily Times","The Ely Times","local_news","news","https://elynews.com/feed/","2026-08-26T15:02:36.906566Z","2026-08-25T22:33:54Z","West","NV","White Pine County","32033"
"Eureka Sentinel","The Eureka Sentinel","local_news","news","https://eurekasentinel.com/feed/","2026-08-26T04:35:52.206996Z","2026-08-24T22:36:04Z","West","NV","Eureka County","32011"
"Guardian Liberty Voice","Guardian Liberty Voice","local_news","news","http://guardianlv.com/feed/","2026-08-26T04:35:51.704811Z","2026-06-18T20:48:59Z","West","NV","Clark County","32003"
"Henderson View","Henderson, NV News | Breaking News Henderson, NV | Henderson News","local_news","news","https://www.reviewjournal.com/local/henderson/feed/","2026-08-26T15:02:36.884610Z","2026-08-23T03:55:50Z","West","NV","Clark County","32003"
"Lahontan Valley News","Nevada Appeal stories: Lahontan Valley News - Fallon and Churchill County Updates","local_news","news","https://www.nevadaappeal.com/rss/headlines/lahontan-valley/","2026-08-26T15:02:35.582110Z","2026-08-25T21:18:00Z","West","NV","Churchill County","32001"
"Las Vegas Business Press","Las Vegas Business News & Updates","local_news","news","https://www.reviewjournal.com/business/feed/","2026-08-26T15:02:38.190551Z","2026-08-26T14:30:13Z","West","NV","Clark County","32003"
"Las Vegas Sun","Las Vegas Sun Stories: All Sun Headlines","local_news","news","https://lasvegassun.com/feeds/headlines/all/","2026-08-26T15:02:38.793722Z","2026-08-26T09:00:00Z","West","NV","Clark County","32003"
"Las Vegas Tribune","Las Vegas Tribune News","local_news","news","https://www.lasvegastribune.com/blog-feed.xml","2026-08-26T15:02:36.827950Z",,"West","NV","Clark County","32003"
"Lincoln County Record","Lincoln County Record","local_news","news","https://lccentral.com/feed/","2026-08-26T04:35:52.476542Z","2026-08-24T22:43:21Z","West","NV","Lincoln County","32017"
"Mesquite Local News","Mesquite Local News","local_news","news","http://mesquitelocalnews.com/feed/","2026-08-26T04:36:00.522266Z","2026-08-25T21:34:11Z","West","NV","Clark County","32003"
"Moapa Valley Progress","Mesa Valleys Progress","local_news","news","https://mvprogress.com/feed/","2026-08-26T04:36:00.552787Z","2026-08-26T01:04:48Z","West","NV","Clark County","32003"
"Pahrump Valley Times","Pahrump Valley Times","local_news","news","https://pvtimes.com/feed/","2026-08-26T04:36:00.588769Z","2026-08-21T12:38:17Z","West","NV","Nye County","32023"
"Reno News & Review","Reno News & Review","local_news","news","https://renonr.com/feed/","2026-08-26T15:02:40.918389Z","2026-08-24T21:53:53Z","West","NV","Washoe County","32031"
"Review Journal Local","Local Las Vegas News | Nevada Breaking News | Local News Las Vegas","local_news","news","https://www.reviewjournal.com/local/feed/","2026-08-26T15:02:39.506355Z","2026-08-26T02:46:21Z","West","NV","Clark County","32003"
"Vegas Inc","Vegas Inc Stories","local_news","news","https://vegasinc.lasvegassun.com/feeds/headlines/","2026-08-26T04:36:00.608723Z","2026-08-25T09:00:00Z","West","NV","Clark County","32003"
"View Newspapers","View Newspapers","local_news","news","https://www.reviewjournal.com/feed/","2026-08-26T15:02:36.243505Z","2026-08-26T14:30:13Z","West","NV","Clark County","32003"
"Adirondack Express","Weekly Express News","local_news","news","https://weeklyexpressnews.com/feed/","2026-08-26T15:02:39.399338Z","2026-08-26T11:59:49Z","Northeast","NY","Herkimer County","36043"
"Akron Bugle","Akron Bugle","local_news","news","https://akronbugle.com/feed/","2026-08-26T15:02:39.446634Z","2026-08-25T20:07:25Z","Northeast","NY","Erie County","36029"
"Amityville Record","Amityville Record","local_news","news","https://www.amityvillerecord.com/feed/","2026-08-26T15:13:39.337259Z","2026-07-16T19:00:00Z","Northeast","NY","Suffolk County","36103"
"Amsterdam News","New York Amsterdam News","local_news","news","https://amsterdamnews.com/feed/","2026-08-26T15:02:36.897567Z","2026-08-25T18:42:10Z","Northeast","NY","New York County","36061"
"Artvoice","Artvoice","local_news","news","https://artvoice.com/feed.xml","2026-08-26T15:13:39.800404Z",,"Northeast","NY","Erie County","36029"
"Babylon Beacon","Babylon Beacon","local_news","news","https://www.babylonbeacon.com/feed/","2026-08-26T15:13:40.028886Z","2026-07-18T20:50:01Z","Northeast","NY","Suffolk County","36103"
"Baruch College Ticker","The Ticker","local_news","news","https://theticker.org/feed/atom/","2026-08-26T15:02:41.303148Z","2026-06-02T21:14:08Z","Northeast","NY","New York County","36061"
"Bronx Times","Bronx Times","local_news","news","https://www.bxtimes.com/feed/","2026-08-26T15:13:45.338962Z","2026-08-25T22:06:18Z","Northeast","NY","New York County","36061"
"Brooklyn Daily","Brooklyn Paper","local_news","news","https://www.brooklynpaper.com/feed/","2026-08-26T15:13:45.301577Z","2026-08-26T14:30:02Z","Northeast","NY","New York County","36061"
"Brooklyn Daily Eagle","Brooklyn Eagle","local_news","news","https://brooklyneagle.com/feed/","2026-08-26T15:02:41.714929Z","2026-08-26T14:58:01Z","Northeast","NY","New York County","36061"
"Brooklyn Reporter","The Brooklyn Home Reporter","local_news","news","https://brooklynreporter.com/feed/","2026-08-26T15:13:45.190193Z","2026-08-21T06:01:48Z","Northeast","NY","New York County","36061"
"Business Journal","Rochester Business Journal","local_news","news","https://rbj.net/feed/","2026-08-26T15:02:43.348343Z","2026-08-26T13:51:58Z","Northeast","NY","Monroe County","36055"
"CNY Vision","CNY Vision News Magazine","local_news","news","https://www.cnyvision.com/blog-feed.xml","2026-08-26T15:02:40.890260Z",,"Northeast","NY","Onondaga County","36067"
"Canarsie Courier","Canarsie Courier","local_news","news","https://canarsiecourier.com/feed/","2026-08-26T15:02:43.315536Z","2026-08-25T15:25:50Z","Northeast","NY","Kings County","36047"
"Catskill Daily Mail","www.dailygazette.com - RSS Results in hv360 of type article","local_news","news","https://www.dailygazette.com/search/?f=rss&t=article&c=hv360&l=50&s=start_time&sd=desc","2026-08-26T15:02:43.382234Z","2026-08-26T14:30:00Z","Northeast","NY","Greene County","36039"
"Chronicle-Express","The Chronicle Express","local_news","news","https://www.chronicle-express.com/feed/","2026-08-26T15:02:44.509055Z","2026-08-14T17:25:55Z","Northeast","NY","Yates County","36123"
"Commentator","The Commentator","local_news","news","https://yucommentator.org/feed/","2026-08-26T15:13:46.812811Z","2026-08-17T14:18:49Z","Northeast","NY","New York County","36061"
"Cornell Review","The Cornell Review","local_news","news","https://www.thecornellreview.org/feed/","2026-08-26T04:36:09.389193Z","2026-08-21T21:13:15Z","Northeast","NY","Tompkins County","36109"
"Crain's New York Business","Section Page News - Crain's New York Business","local_news","news","http://feeds.crainsnewyork.com/crainsnewyork/latestnews","2026-08-26T04:36:07.477828Z",,"Northeast","NY","New York County","36061"
"Dan's Papers","Dan's Papers","local_news","news","https://www.danspapers.com/feed/","2026-08-26T15:13:46.449870Z","2026-08-26T09:55:35Z","Northeast","NY","Suffolk County","36103"
"Dundee Observer","Dundee Observer / Watkins Review","local_news","news","https://www.observer-review.com/feed/","2026-08-26T15:13:47.516751Z","2026-08-22T13:26:28Z","Northeast","NY","Yates County","36123"
"Earth Times","EarthTimes","local_news","news","https://earthtimes.org/feed/","2026-08-26T15:02:45.886985Z","2026-08-25T15:03:33Z","Northeast","NY","New York County","36061"
"East Hampton Star","The East Hampton Star - East Hampton Town's Newspaper of Record Since 1885","local_news","news","https://www.easthamptonstar.com/rss.xml","2026-08-26T15:25:24.390387Z","2026-08-21T17:35:53Z","Northeast","NY","Suffolk County","36103"
"El Diario","El Diario NY","local_news","news","https://eldiariony.com/feed/","2026-08-26T15:13:47.833714Z","2026-08-26T14:59:30Z","Northeast","NY","New York County","36061"
"Fulton Daily News","Oswego County TodayFulton Daily NewsFREE Independent News for Oswego County","local_news","news","https://oswegocountytoday.com/category/news/fulton/feed/","2026-08-26T15:02:54.004693Z","2026-08-25T15:26:28Z","Northeast","NY","Oswego County","36075"
"Garden City News","Garden City News","local_news","news","https://www.gcnews.com/feed/","2026-08-26T15:13:51.359182Z","2026-08-22T02:10:39Z","Northeast","NY","Nassau County","36059"
"Glendale Register","Glendale Register","local_news","news","https://www.glendaleregister.com/feed/","2026-08-26T15:02:46.759761Z","2026-06-22T13:05:21Z","Northeast","NY","New York County","36061"
"Glens Falls Chronicle","Glens Falls Chronicle","local_news","news","https://www.glensfallschronicle.com/feed/","2026-08-26T04:36:55.557421Z","2026-08-20T09:40:08Z","Northeast","NY","Warren County","36113"
"Highlands Current","The Current","local_news","news","https://highlandscurrent.org/feed/","2026-08-26T15:02:50.194762Z","2026-08-26T12:56:54Z","Northeast","NY","Putnam County","36079"
"Hofstra Chronicle","The Hofstra Chronicle","local_news","news","https://thehofstrachronicle.com/feed/","2026-08-26T15:02:56.184315Z","2026-08-24T12:36:54Z","Northeast","NY","Nassau County","36059"
"Home Reporter","The Brooklyn Home Reporter","local_news","news","http://brooklynreporter.com/feed/","2026-08-26T04:36:57.843947Z","2026-08-21T06:01:48Z","Northeast","NY","New York County","36061"
"Hudson Valley Press","Hudson Valley Press","local_news","news","https://hudsonvalleypress.com/feed/","2026-08-26T15:02:56.135051Z","2026-08-26T04:05:08Z","Northeast","NY","Orange County","36071"
"Impacto Latin News","Impacto Latino","local_news","news","https://impactolatino.com/feed/","2026-08-26T15:02:56.144640Z","2026-08-26T14:52:43Z","Northeast","NY","New York County","36061"
"International Business Times","International Business Times","local_news","news","https://www.ibtimes.com/rss","2026-08-26T15:36:19.178777Z","2026-08-26T15:25:48Z","Northeast","NY","New York County","36061"
"Irish Echo","Irish Echo","local_news","news","https://www.irishecho.com/feeds/section-articles.atom","2026-08-26T15:02:56.195581Z","2026-08-26T08:30:18Z","Northeast","NY","New York County","36061"
"Jamestown Post Journal","Post Journal","local_news","news","https://www.post-journal.com/feed/","2026-08-26T15:13:52.203586Z","2026-08-26T04:00:58Z","Northeast","NY","Chautauqua County","36013"
"Jewish Daily Forward","The Forward","local_news","news","https://forward.com/feed/","2026-08-26T15:13:54.523245Z","2026-08-26T08:32:40Z","Northeast","NY","New York County","36061"
"Kingston Times","Hudson Valley One","local_news","news","https://hudsonvalleyone.com/feed/","2026-08-26T15:02:58.144071Z","2026-08-26T03:29:34Z","Northeast","NY","Ulster County","36111"
"LIC/Astoria Journal","LIC Journal","local_news","news","https://www.licjournal.com/feed/","2026-08-26T15:36:23.199239Z","2026-08-20T19:08:04Z","Northeast","NY","New York County","36061"
"La Tribuna Hispana","La Tribuna Hispana USA","local_news","news","https://www.latribunahispana.com/feed/","2026-08-26T15:02:57.730786Z","2026-08-26T03:04:36Z","Northeast","NY","Nassau County","36059"
"La Voz Rochester","La Voz","local_news","news","https://www.rochesterlavoz.com/blog-feed.xml","2026-08-26T15:02:50.697823Z",,"Northeast","NY","Monroe County","36055"
"Long Island Press","LI Press","local_news","news","https://www.longislandpress.com/feed/","2026-08-26T04:37:01.194966Z","2026-08-25T18:50:50Z","Northeast","NY","Nassau County","36059"
"Manhasset Press","LI Press","local_news","news","https://www.longislandpress.com/feed/?utm_source=manhassetpress.com","2026-08-26T04:37:10.393412Z","2026-08-25T18:50:50Z","Northeast","NY","Nassau County","36059"
"Maroon-News","The Colgate Maroon-News","local_news","news","https://thecolgatemaroonnews.com/feed/","2026-08-26T15:02:59.100523Z","2026-07-31T17:35:01Z","Northeast","NY","Madison County","36053"
"Massapequa Post","Massapequa Post","local_news","news","https://www.massapequapost.com/feed/","2026-08-26T15:13:56.952510Z","2026-07-16T19:00:00Z","Northeast","NY","Nassau County","36059"
"Metro Source","Metrosource","local_news","news","https://metrosource.com/feed","2026-08-26T15:03:05.942828Z","2026-08-16T19:20:26Z","Northeast","NY","Erie County","36029"
"MidHudsonNews.com","Mid Hudson News","local_news","news","https://midhudsonnews.com/feed/","2026-08-26T15:03:00.979191Z","2026-08-26T10:34:36Z","Northeast","NY","Orange County","36071"
"Mineola American","LI Press","local_news","news","https://www.longislandpress.com/feed/?utm_source=mineolaamerican.com","2026-08-26T04:37:02.472076Z","2026-08-25T18:50:50Z","Northeast","NY","Nassau County","36059"
"New York Beacon","New York Beacon","local_news","news","https://www.newyorkbeacon.net/feed/","2026-08-26T15:03:13.935632Z","2026-08-26T14:06:38Z","Northeast","NY","New York County","36061"
"New York Carib News","NY Carib News","local_news","news","https://nycaribnews.com/feed/","2026-08-26T15:03:13.958489Z","2026-08-26T12:43:27Z","Northeast","NY","New York County","36061"
"New York Jewish Week","Jewish Telegraphic Agency","local_news","news","https://www.jta.org/feed","2026-08-26T15:03:13.978646Z","2026-08-26T05:54:54Z","Northeast","NY","New York County","36061"
"New York Observer","Observer","local_news","news","https://observer.com/feed/","2026-08-26T04:37:17.691978Z","2026-08-25T21:31:56Z","Northeast","NY","New York County","36061"
"New York Post","New York Post","local_news","news","https://nypost.com/feed/","2026-08-26T15:03:12.885056Z","2026-08-26T15:03:10Z","Northeast","NY","New York County","36061"
"New York Press Association","New York Press Service","local_news","news","https://www.nynewspapers.com/feed/","2026-08-26T15:03:14.020472Z","2026-07-22T18:24:17Z","Northeast","NY","Albany County","36001"
"New York Times","NYT > Top Stories","local_news","news","https://rss.nytimes.com/services/xml/rss/nyt/HomePage.xml","2026-08-26T04:37:17.705377Z","2026-08-26T04:19:36Z","Northeast","NY","New York County","36061"
"Newsday","Most recent stories - Newsday","local_news","news","https://www.newsday.com/api/rss/recent","2026-08-26T15:03:04.004682Z","2026-08-26T03:59:37.957Z","Northeast","NY","Suffolk County","36103"
"Niagara Falls Reporter","The Niagara Reporter","local_news","news","https://niagarafallsreporter.com/feed/","2026-08-26T15:03:10.154827Z","2026-08-26T04:15:54Z","Northeast","NY","Niagara County","36063"
"Norwood News","Norwood News","local_news","news","https://www.norwoodnews.org/feed/","2026-08-26T04:37:19.158919Z","2026-08-21T00:47:43Z","Northeast","NY","New York County","36061"
"Observer","Observer Today","local_news","news","https://www.observertoday.com/feed/","2026-08-26T15:13:57.771497Z","2026-08-26T04:00:59Z","Northeast","NY","Chautauqua County","36013"
"Oswego Daily News","Oswego County Today","local_news","news","https://oswegocountytoday.com/feed/","2026-08-26T15:02:55.020919Z","2026-08-26T12:24:09Z","Northeast","NY","Oswego County","36075"
"Pipe Dream","Pipe Dream","local_news","news","https://www.bupipedream.com/feed/","2026-08-26T04:37:18.218313Z","2026-08-25T20:15:58Z","Northeast","NY","Broome County","36007"
"Port Times Record","TBR News Media","local_news","news","https://tbrnewsmedia.com/feed/","2026-08-26T04:37:27.520128Z","2026-08-25T23:22:47Z","Northeast","NY","Suffolk County","36103"
"Putnam County Press","Putnam County Press","local_news","news","https://www.putnampresstimes.com/blog-feed.xml","2026-08-26T15:03:14.775957Z",,"Northeast","NY","Putnam County","36079"
"QNS","QNS","local_news","news","https://qns.com/feed/","2026-08-26T04:37:32.489887Z","2026-08-25T21:00:17Z","Northeast","NY","Queens County","36081"
"Queens Gazette","Queens Gazette","local_news","news","https://www.qgazette.com/feed/","2026-08-26T15:14:01.122189Z","2026-08-26T14:50:59Z","Northeast","NY","Queens County","36081"
"Record","Troy Record","local_news","news","https://www.troyrecord.com/feed/","2026-08-26T15:03:16.759029Z","2026-08-26T14:51:34Z","Northeast","NY","Rensselaer County","36083"
"Riverhead News Review","Riverhead News Review","local_news","news","http://riverheadnewsreview.timesreview.com/feed/","2026-08-26T04:37:32.598264Z","2026-08-25T20:00:00Z","Northeast","NY","Suffolk County","36103"
"Roslyn News","LI Press","local_news","news","https://www.longislandpress.com/feed/?utm_source=roslyn-news.com","2026-08-26T04:37:34.493124Z","2026-08-25T18:50:50Z","Northeast","NY","Nassau County","36059"
"Salamanca Press","Salamanca Free Press","local_news","news","https://www.salamancapress.com/feed/","2026-08-26T15:14:01.448244Z","2026-08-26T12:00:45Z","Northeast","NY","Cattaraugus County","36009"
"Saratoga Today","Saratoga TODAY newspaper","local_news","news","https://saratogatodaynewspaper.com/feed/","2026-08-26T15:03:18.140196Z","2026-08-24T18:57:06Z","Northeast","NY","Saratoga County","36091"
"Shawangunk Journal","Shawangunk Journal Feed","local_news","news","https://shawangunkjournal.com/rss.xml/","2026-08-26T15:03:15.554156Z","2026-08-26T15:00:00Z","Northeast","NY","Ulster County","36111"
"Shelter Island Reporter","Shelter Island Reporter","local_news","news","https://shelterislandreporter.timesreview.com/feed/","2026-08-26T15:03:18.164369Z","2026-08-26T15:00:00Z","Northeast","NY","Suffolk County","36103"
"Spotlight Newspapers","www.dailygazette.com - RSS Results in spotlightnews of type article","local_news","news","https://www.dailygazette.com/search/?f=rss&t=article&c=spotlightnews&l=50&s=start_time&sd=desc","2026-08-26T15:03:18.498455Z","2026-08-26T14:30:00Z","Northeast","NY","Albany County","36001"
"Statesman","The Statesman","local_news","news","https://sbstatesman.com/feed/","2026-08-26T04:37:33.912993Z","2026-08-24T19:24:46Z","Northeast","NY","Suffolk County","36103"
"Suffolk Times","The Suffolk Times","local_news","news","http://suffolktimes.timesreview.com/feed/","2026-08-26T04:37:34.624937Z","2026-08-25T20:00:00Z","Northeast","NY","Suffolk County","36103"
"Syracuse New Times","Syracuse New Times","local_news","news","https://syracusenewtimes.com/feed/","2026-08-26T15:03:19.131829Z","2026-08-25T13:24:34Z","Northeast","NY","Onondaga County","36067"
"The Daily Orange","The Daily Orange","local_news","news","https://dailyorange.com/feed/","2026-08-26T04:37:33.643850Z","2026-08-26T04:02:04Z","Northeast","NY","Onondaga County","36067"
"The Ithacan","The Ithacan","local_news","news","https://theithacan.org/feed/","2026-08-26T04:37:36.898898Z","2026-08-25T15:58:10Z","Northeast","NY","Tompkins County","36109"
"The Journal of Commerce","Journal of Commerce","local_news","news","https://www.joc.com/rssfeed","2026-08-26T15:25:39.674791Z",,"Northeast","NY","New York County","36061"
"The New Yorker","The New Yorker","local_news","news","https://www.newyorker.com/feed/rss","2026-08-26T15:03:19.464138Z","2026-08-26T14:35:51Z","Northeast","NY","New York County","36061"
"The Polytechnic","The Rensselaer Polytechnic","local_news","news","https://poly.rpi.edu/feed/","2026-08-26T04:37:38.675279Z",,"Northeast","NY","Rensselaer County","36083"
"The Torch","The Torch","local_news","news","https://www.torchonline.com/feed/","2026-08-26T04:37:40.096568Z","2026-08-26T00:29:22Z","Northeast","NY","Queens County","36081"
"The Word","the WORD Review","local_news","news","https://thewordreview.com/feed/","2026-08-26T15:03:19.378294Z","2026-08-23T21:53:06Z","Northeast","NY","New York County","36061"
"Times Herald","Olean Times Herald","local_news","news","https://www.oleantimesherald.com/feed/","2026-08-26T15:14:04.415387Z","2026-08-26T02:16:32Z","Northeast","NY","Cattaraugus County","36009"
"Turkish Journal","Turkish Journal","local_news","news","https://www.turkishjournal.com/feed/","2026-08-26T15:03:29.772958Z","2026-08-26T00:05:59Z","Northeast","NY","New York County","36061"
"Village Voice","The Village Voice","local_news","news","https://www.villagevoice.com/feed/","2026-08-26T15:03:29.904164Z","2026-08-25T23:20:38Z","Northeast","NY","New York County","36061"
"Wave of Long Island","The Wave","local_news","news","https://www.rockawave.com/feed/","2026-08-26T15:14:05.364940Z","2026-08-24T02:47:06Z","Northeast","NY","Queens County","36081"
"am New York","amNewYork","local_news","news","https://www.amny.com/feed/","2026-08-26T15:14:06.259269Z","2026-08-26T14:30:02Z","Northeast","NY","New York County","36061"
"Akron.com","Akron.com","local_news","news","https://www.akron.com/feed/","2026-08-26T15:14:05.586163Z","2026-08-25T13:56:55Z","Midwest","OH","Summit County","39153"
"Beacon","The Beacon","local_news","news","https://www.thebeacon.net/feed/","2026-08-26T15:03:32.617137Z","2026-08-25T23:29:06Z","Midwest","OH","Ottawa County","39123"
"Bellefontaine Examiner","Bellefontaine Examiner","local_news","news","https://www.examiner.org/feed/","2026-08-26T15:03:32.892473Z","2026-08-26T04:00:00Z","Midwest","OH","Logan County","39091"
"Business Journal","Business Journal Daily | The Youngstown Publishing Company","local_news","news","https://businessjournaldaily.com/feed/","2026-08-26T04:37:51.710307Z","2026-08-25T17:28:00Z","Midwest","OH","Mahoning County","39099"
"Cincinnati Call and Post","Call and Post","local_news","news","https://callandpost.com/feed/","2026-08-26T15:03:31.251195Z","2026-08-05T13:03:21Z","Midwest","OH","Hamilton County","39061"
"Cincinnati City Beat","Cincinnati CityBeat","local_news","news","https://www.citybeat.com/feed/","2026-08-26T15:03:31.969214Z","2026-08-26T12:07:03Z","Midwest","OH","Hamilton County","39061"
"Clermont Sun","The Clermont Sun","local_news","news","https://www.clermontsun.com/feed","2026-08-26T04:37:53.232337Z","2026-08-25T15:26:00Z","Midwest","OH","Clermont County","39025"
"Cleveland Scene","Cleveland Scene","local_news","news","https://www.clevescene.com/feed/?partner-feed=all","2026-08-26T04:37:52.826949Z","2026-08-25T20:08:38Z","Midwest","OH","Cuyahoga County","39035"
"Columbus Post","Columbus Post","local_news","news","https://columbuspost.com/feed/","2026-08-26T04:37:55.231185Z","2026-08-20T16:41:54Z","Midwest","OH","Franklin County","39049"
"Daily Chief-Union","Daily Chief Union","local_news","news","https://www.dailychiefunion.com/feed/","2026-08-26T04:37:58.371156Z","2026-08-26T02:38:08Z","Midwest","OH","Wyandot County","39175"
"Daily Herald","Delphos Herald","local_news","news","https://www.delphosherald.com/feed/","2026-08-26T15:03:35.052344Z","2026-08-26T12:31:23Z","Midwest","OH","Van Wert County","39161"
"Daily Legal News","Daily Legal News","local_news","news","https://www.dln.com/sitemap.rss","2026-08-26T15:25:45.755880Z","2026-08-20T22:18:04Z","Midwest","OH","Cuyahoga County","39035"
"Fairborn Daily Herald","Fairborn Daily Herald","local_news","news","https://www.fairborndailyherald.com/feed/","2026-08-26T04:38:14.197459Z","2026-08-25T20:23:00Z","Midwest","OH","Greene County","39057"
"Flyer News","Flyer News: Univ. of Dayton's Student Newspaper","local_news","news","https://flyernews.com/feed/","2026-08-26T04:38:06.862736Z","2026-08-25T19:44:45Z","Midwest","OH","Montgomery County","39113"
"Galion Inquirer","Galion Inquirer","local_news","news","https://www.galioninquirer.com/feed/","2026-08-26T04:38:06.423739Z","2026-08-25T20:00:00Z","Midwest","OH","Crawford County","39033"
"Heights Observer","Heights Observer","local_news","news","https://heightsobserver.org/feed/","2026-08-26T15:14:19.274811Z","2026-08-24T16:22:46Z","Midwest","OH","Cuyahoga County","39035"
"Herald-Star","The Herald Star","local_news","news","https://www.heraldstaronline.com/feed/","2026-08-26T15:14:20.325293Z","2026-08-26T04:00:57Z","Midwest","OH","Jefferson County","39081"
"Ironton Tribune","The Tribune","local_news","news","https://irontontribune.com/feed/","2026-08-26T15:14:19.899565Z","2026-08-26T07:27:36Z","Midwest","OH","Lawrence County","39087"
"Kenton Times","Kenton Times","local_news","news","https://www.kentontimes.com/feed/","2026-08-26T04:38:15.852903Z","2026-08-25T18:00:00Z","Midwest","OH","Hardin County","39065"
"Lakewood Observer","Lakewood Observer","local_news","news","https://www.lakewoodobserver.com/feed/","2026-08-26T15:14:19.808329Z","2026-08-26T15:02:18Z","Midwest","OH","Cuyahoga County","39035"
"Marietta Times","Marietta Times","local_news","news","https://www.mariettatimes.com/feed/","2026-08-26T15:14:20.888838Z","2026-08-26T04:00:54Z","Midwest","OH","Washington County","39167"
"Marysville Journal-Tribune","Marysville Journal Tribune","local_news","news","https://www.marysvillejt.com/feed/","2026-08-26T15:14:21.162795Z","2026-08-26T14:58:26Z","Midwest","OH","Union County","39159"
"Messenger Journal","Perrysburg Messenger Journal","local_news","news","https://www.perrysburg.com/rss.xml","2026-08-26T15:25:56.224203Z","2026-08-25T15:51:04Z","Midwest","OH","Wood County","39173"
"Metro Monthly","Metro Monthly","local_news","news","https://www.metromonthly.net/feed/","2026-08-26T15:03:36.744022Z","2026-08-26T01:15:42Z","Midwest","OH","Mahoning County","39099"
"Monroe County Beacon","Monroe County Beacon","local_news","news","https://www.mcbeacon.com/feed/","2026-08-26T15:03:37.304717Z","2026-08-25T20:16:51Z","Midwest","OH","Monroe County","39111"
"Morgan County Herald","The Herald","local_news","news","https://www.mchnews.com/feed/","2026-08-26T15:14:19.763122Z","2026-08-26T10:00:00Z","Midwest","OH","Morgan County","39115"
"Morning Journal","Morning Journal","local_news","news","https://www.morningjournalnews.com/feed/","2026-08-26T15:14:25.317133Z","2026-08-26T06:00:32Z","Midwest","OH","Columbiana County","39029"
"Mount Vernon News","Mount Vernon News","local_news","news","https://mountvernonnews.com/stories.rss","2026-08-26T15:03:38.850174Z","2026-08-26T10:26:25Z","Midwest","OH","Knox County","39083"
"News Current","Beaver Creek News Current","local_news","news","https://www.beavercreeknewscurrent.com/feed/","2026-08-26T04:38:24.138916Z","2026-08-25T20:23:00Z","Midwest","OH","Greene County","39057"
"News Democrat","News Democrat","local_news","news","https://www.newsdemocrat.com/feed/","2026-08-26T04:38:24.147719Z","2026-08-24T20:50:00Z","Midwest","OH","Brown County","39015"
"Paulding County Progress","Paulding Progress","local_news","news","https://www.progressnewspaper.org/feed/","2026-08-26T15:03:41.005958Z","2026-08-26T14:23:53Z","Midwest","OH","Paulding County","39125"
"People's Defender","People's Defender","local_news","news","https://www.peoplesdefender.com/feed/","2026-08-26T04:38:24.227533Z","2026-08-26T03:23:00Z","Midwest","OH","Adams County","39001"
"Progressor Times","The Progressor Times","local_news","news","https://www.theprogressortimes.com/feed/","2026-08-26T15:03:41.880201Z","2026-08-25T13:56:26Z","Midwest","OH","Wyandot County","39175"
"Putnam County Sentinel","Putnam County Sentinel","local_news","news","https://www.putnamsentinel.com/feed/","2026-08-26T15:03:39.869269Z","2026-08-26T15:02:02Z","Midwest","OH","Putnam County","39137"
"Record Herald","Record Herald","local_news","news","https://www.recordherald.com/feed/","2026-08-26T15:03:39.607251Z","2026-08-26T12:00:28Z","Midwest","OH","Fayette County","39047"
"Register-Herald","The Register Herald","local_news","news","https://www.registerherald.com/feed/","2026-08-26T04:38:26.254996Z","2026-08-24T21:47:00Z","Midwest","OH","Preble County","39135"
"Review","The Review","local_news","news","https://www.reviewonline.com/feed/","2026-08-26T15:14:26.418516Z","2026-08-26T06:00:36Z","Midwest","OH","Columbiana County","39029"
"Review Newspapers","The Review Newspapers","local_news","news","https://www.thereviewnewspapers.com/feeds/posts/default","2026-08-26T15:03:39.797603Z","2026-08-26T14:39:34.251Z","Midwest","OH","Mahoning County","39099"
"Ripley Bee","The Ripley Bee","local_news","news","http://www.ripleybee.com/feed/","2026-08-26T04:38:26.775719Z","2026-08-24T21:50:00Z","Midwest","OH","Brown County","39015"
"Rossford Record Journal","Rossford Record Journal","local_news","news","https://www.rossford.com/rss.xml","2026-08-26T15:25:57.764082Z","2026-08-19T16:01:22Z","Midwest","OH","Wood County","39173"
"Salem News","Salem News","local_news","news","https://www.salemnews.net/feed/","2026-08-26T15:14:27.164872Z","2026-08-26T05:00:56Z","Midwest","OH","Columbiana County","39029"
"Sentinel Tribune","Sent-trib","local_news","news","https://www.sent-trib.com/feed/","2026-08-26T15:03:42.571858Z","2026-08-26T12:00:00Z","Midwest","OH","Wood County","39173"
"Sidney Daily News","Sidney Daily News","local_news","news","https://www.sidneydailynews.com/feed/","2026-08-26T15:03:44.520066Z","2026-08-26T15:00:00Z","Midwest","OH","Shelby County","39149"
"Sylvania AdVantage","Sylvania Advantage","local_news","news","https://sylvaniaadvantage.com/feed/","2026-08-26T15:03:43.277189Z","2026-08-25T16:34:15Z","Midwest","OH","Logan County","39091"
"The Lantern","The Lantern","local_news","news","https://www.thelantern.com/feed/","2026-08-26T15:03:35.954862Z","2026-08-26T03:42:03Z","Midwest","OH","Franklin County","39049"
"The Marietta Leader","Marietta Leader","local_news","news","https://www.mariettaleader.com/feed/","2026-08-26T15:03:43.379391Z","2026-06-08T07:56:00Z","Midwest","OH","Washington County","39167"
"The Monroe Times","The Monroe Times","local_news","news","https://themonroetimes.com:443/rss/","2026-08-26T15:03:38.918849Z","2026-08-25T15:48:51Z","Midwest","OH","Monroe County","39111"
"The Observer","The Observer","local_news","news","http://observer.case.edu/feed/","2026-08-26T04:38:30.925028Z","2026-08-21T13:00:56Z","Midwest","OH","Cuyahoga County","39035"
"Times Leader","The Times Leader","local_news","news","https://www.timesleaderonline.com/feed/","2026-08-26T15:14:30.386904Z","2026-08-26T04:00:52Z","Midwest","OH","Belmont County","39013"
"Times-Bulletin","Times Bulletin Media","local_news","news","https://www.timesbulletin.com/feed/","2026-08-26T15:03:44.786379Z","2026-08-26T12:31:15Z","Midwest","OH","Van Wert County","39161"
"Times-Gazette","The Times Gazette","local_news","news","https://www.timesgazette.com/feed/","2026-08-26T15:03:43.739997Z","2026-08-26T11:41:00Z","Midwest","OH","Highland County","39071"
"Toledo Blade","Toledo Blade Latest  Headlines","local_news","news","https://www.toledoblade.com/rss/","2026-08-26T15:03:45.898961Z",,"Midwest","OH","Lucas County","39095"
"Toledo City Paper","Toledo City Paper","local_news","news","https://toledocitypaper.com/feed/","2026-08-26T15:03:45.306360Z","2026-08-26T14:27:13Z","Midwest","OH","Lucas County","39095"
"Tribune Chronicle","Tribune Chronicle","local_news","news","https://www.tribtoday.com/feed/","2026-08-26T15:14:31.251856Z","2026-08-26T04:00:59Z","Midwest","OH","Trumbull County","39155"
"Troy Daily News","Miami Valley Today","local_news","news","https://miamivalleytoday.com/feed/","2026-08-26T15:03:34.488138Z","2026-08-26T14:15:00Z","Midwest","OH","Miami County","39109"
"Urbana Daily Citizen","Urbana Daily Citizen","local_news","news","https://www.urbanacitizen.com/feed/","2026-08-26T15:03:52.564246Z","2026-08-26T02:46:00Z","Midwest","OH","Champaign County","39021"
"Van Wert Independent","The VW independent","local_news","news","https://thevwindependent.com/news/feed/","2026-08-26T15:03:45.699120Z","2026-08-26T14:49:52Z","Midwest","OH","Van Wert County","39161"
"Village Reporter","The Village Reporter","local_news","news","https://thevillagereporter.com/feed/","2026-08-26T04:38:34.415598Z","2026-08-26T02:00:05Z","Midwest","OH","Williams County","39171"
"Vindicator Online","The Vindicator","local_news","news","https://www.vindy.com/feed/","2026-08-26T15:14:30.655351Z","2026-08-26T04:01:57Z","Midwest","OH","Mahoning County","39099"
"West Bend News","West Bend News","local_news","news","https://www.westbendnews.net/autonews/feed/","2026-08-26T04:38:43.504585Z","2026-08-22T22:30:00Z","Midwest","OH","Paulding County","39125"
"Xenia Gazette","The Xenia Gazette","local_news","news","https://www.xeniagazette.com/feed/","2026-08-26T04:38:43.652266Z","2026-08-25T20:23:00Z","Midwest","OH","Greene County","39057"
"Yellow Springs News","The Yellow Springs News","local_news","news","https://ysnews.com/feed","2026-08-26T04:38:45.170211Z","2026-08-25T21:00:15Z","Midwest","OH","Greene County","39057"
"Antlers American","www.poteaudailynews.com - RSS Results in theantlersamerican of type article","local_news","news","https://www.poteaudailynews.com/search/?f=rss&t=article&c=theantlersamerican&l=50&s=start_time&sd=desc","2026-08-26T15:03:52.671925Z","2026-08-20T11:00:00Z","South","OK","Pushmataha County","40127"
"Cordell Beacon","Cordell Beacon - Washita County's home newspaper since 1897","local_news","news","http://www.cordellbeacon.com/rss.xml","2026-08-26T15:26:03.394656Z","2026-08-26T11:02:44Z","South","OK","Washita County","40149"
"Daily Ardmoreite","The Ardmoreite","local_news","news","https://www.ardmoreite.com/feed/","2026-08-26T15:03:53.463944Z","2026-08-25T19:57:22Z","South","OK","Carter County","40019"
"Durant Daily Democrat","Durant Democrat","local_news","news","https://www.durantdemocrat.com/rss.xml","2026-08-26T15:26:05.967991Z","2026-08-22T02:52:26Z","South","OK","Bryan County","40013"
"El Reno Tribune","El Reno Tribune","local_news","news","https://www.elrenotribune.com/rss.xml","2026-08-26T15:26:07.627867Z","2026-08-24T21:18:25Z","South","OK","Canadian County","40017"
"GTR Newspapers","GTR Newspapers | Find Local Tulsa, Bixby, Broken Arrow, Jenks, Union, and Owasso News, Sports, and Entertainment","local_news","news","https://gtrnews.com/rss","2026-08-26T15:36:59.938409Z",,"South","OK","Tulsa County","40143"
"Hugo Daily News","Hugo News","local_news","news","https://www.hugonews.com/rss.xml","2026-08-26T15:26:06.514590Z","2026-06-17T11:07:54Z","South","OK","Choctaw County","40023"
"Journal Record","The Journal Record","local_news","news","https://journalrecord.com/feed/","2026-08-26T15:03:54.476665Z","2026-08-26T14:07:31Z","South","OK","Oklahoma County","40109"
"Journal Tribune","The Blackwell Journal-Tribune","local_news","news","https://blackwelljournaltribune.net/feed.atom","2026-08-26T15:03:54.358580Z","2026-08-19T14:18:29Z","South","OK","Kay County","40071"
"Moore Monthly","Moore Monthly","local_news","news","https://www.mooremonthly.com/feed/","2026-08-26T15:03:54.161242Z","2026-08-25T02:50:20Z","South","OK","Cleveland County","40027"
"Newkirk Herald Journal","The Newkirk Herald Journal","local_news","news","https://www.newkirkherald.com/feed/","2026-08-26T15:03:54.576511Z","2026-08-20T02:21:42Z","South","OK","Kay County","40071"
"Nuestra Communidad","Nuestra Communidad","local_news","news","https://nuestracomunidad.org/feed/","2026-08-26T15:04:02.795468Z","2026-08-26T14:41:49Z","South","OK","Canadian County","40017"
"Oklahoma Constitution","The Oklahoma Constitution","local_news","news","http://www.oklahomaconstitution.com/feed/","2026-08-26T15:14:37.348623Z","2026-07-24T23:33:46Z","South","OK","Oklahoma County","40109"
"Oklahoma Gazette","Oklahoma Gazette","local_news","news","https://www.okgazette.com/feed/","2026-08-26T15:04:02.845053Z","2026-08-23T16:40:54Z","South","OK","Oklahoma County","40109"
"Ponca City News","Ponca City News","local_news","news","https://www.poncacitynews.com/rss.xml","2026-08-26T15:26:07.633577Z","2026-08-22T05:00:00Z","South","OK","Kay County","40071"
"Sand Springs Leader","tulsaworld.com - RSS Results in news/community/sand-springs of type article","local_news","news","https://tulsaworld.com/search/?f=rss&t=article&c=news/community/sand-springs&l=50&s=start_time&sd=desc","2026-08-26T15:03:55.100890Z","2026-08-20T05:45:00Z","South","OK","Tulsa County","40143"
"Seminole Producer","Seminole Producer","local_news","news","https://www.seminoleproducer.com/rss.xml","2026-08-26T15:26:08.998815Z","2026-07-03T10:58:08Z","South","OK","Seminole County","40133"
"Shawnee News-Star","Shawnee News-Star","local_news","news","https://www.news-star.com/feed/","2026-08-26T15:04:02.748533Z","2026-08-26T11:00:00Z","South","OK","Pottawatomie County","40125"
"Shawnee Sun","Countywide & Sun","local_news","news","https://www.countywidenews.com/rss.xml","2026-08-26T15:26:09.815440Z","2026-08-20T02:58:17Z","South","OK","Pottawatomie County","40125"
"Tulsa Today","Tulsa Today","local_news","news","https://www.tulsatoday.com/feed/","2026-08-26T15:04:04.191712Z","2026-08-26T10:00:00Z","South","OK","Tulsa County","40143"
"Ashland Daily Tidings","Daily Tidings","local_news","news","https://www.dailytidings.com/feed/","2026-08-26T15:14:43.412109Z","2026-08-26T14:02:11Z","West","OR","Jackson County","41029"
"Baker City Herald","Baker City Herald","local_news","news","https://bakercityherald.com/feed/","2026-08-26T15:14:40.928167Z","2026-08-26T14:35:53Z","West","OR","Baker County","41001"
"Bend Weekly","BendWeekly.com - Bend Weekly News","local_news","news","https://www.bendweekly.com/feed","2026-08-26T15:14:41.921899Z","2026-08-26T04:07:24Z","West","OR","Deschutes County","41017"
"Blue Mountain Eagle","Blue Mountain Eagle","local_news","news","https://bluemountaineagle.com/feed/","2026-08-26T15:14:41.933058Z","2026-08-26T12:00:00Z","West","OR","Grant County","41023"
"Bulletin","The Bulletin","local_news","news","https://bendbulletin.com/feed/","2026-08-26T15:14:41.910739Z","2026-08-26T14:47:31Z","West","OR","Deschutes County","41017"
"Burns Times Herald","Burns Times-Herald","local_news","news","https://www.btimesherald.com/feed/","2026-08-26T04:39:01.348164Z","2026-08-19T06:53:38Z","West","OR","Harney County","41025"
"Canby Herald","Herald Pioneer","local_news","news","https://heraldpioneer.com/feed/","2026-08-26T15:14:41.944721Z","2026-08-26T13:30:39Z","West","OR","Clackamas County","41005"
"Capital Press Agriculture Weekly","Capital Press","local_news","news","https://capitalpress.com/feed/","2026-08-26T15:14:41.959425Z","2026-08-25T20:19:00Z","West","OR","Marion County","41047"
"Cascade Business News","Cascade Business News","local_news","news","https://cascadebusnews.com/feed/","2026-08-26T15:04:03.625344Z","2026-08-25T18:34:58Z","West","OR","Deschutes County","41017"
"Central Oregonian","Central Oregonian","local_news","news","https://centraloregonian.com/feed/","2026-08-26T15:14:41.975250Z","2026-08-26T12:00:00Z","West","OR","Crook County","41013"
"Collegian","The Collegian - Willamette University Student News","local_news","news","https://www.willamettecollegian.com/blog-feed.xml","2026-08-26T15:04:06.662313Z",,"West","OR","Marion County","41047"
"Daily Astorian","The Astorian","local_news","news","https://dailyastorian.com/feed/","2026-08-26T15:14:42.002287Z","2026-08-26T14:57:00Z","West","OR","Clatsop County","41007"
"Daily Vanguard","Vanguard","local_news","news","https://psuvanguard.com/feed/","2026-08-26T04:39:01.772121Z","2026-08-25T22:15:50Z","West","OR","Multnomah County","41051"
"East Oregonian","East Oregonian","local_news","news","https://eastoregonian.com/feed/","2026-08-26T15:14:44.265474Z","2026-08-26T13:30:39Z","West","OR","Umatilla County","41059"
"Eugene Business News","The Business News","local_news","news","https://www.thebusinessnews.net/feed/","2026-08-26T15:04:06.636537Z","2026-08-23T22:02:31Z","West","OR","Lane County","41039"
"Eugene Weekly","Eugene Weekly","local_news","news","https://eugeneweekly.com/feed/","2026-08-26T15:04:04.621312Z","2026-08-26T00:57:53Z","West","OR","Lane County","41039"
"Gresham Outlook","The Outlook","local_news","news","https://theoutlookonline.com/feed/","2026-08-26T15:14:43.880585Z","2026-08-26T13:35:00Z","West","OR","Multnomah County","41051"
"Hermiston Herald","Hermiston Herald","local_news","news","https://hermistonherald.com/feed/","2026-08-26T15:14:43.874059Z","2026-08-26T03:00:00Z","West","OR","Umatilla County","41059"
"Jacksonville Review","Jacksonville Review Online","local_news","news","https://jacksonvillereview.com/feed/","2026-08-26T15:04:06.706285Z","2026-07-29T19:30:55Z","West","OR","Jackson County","41029"
"Keizertimes","Keizertimes","local_news","news","https://www.keizertimes.com/feed/","2026-08-26T15:04:07.890857Z","2026-08-26T00:21:00Z","West","OR","Clackamas County","41005"
"La Grande Observer","La Grande Observer","local_news","news","https://lagrandeobserver.com/feed/","2026-08-26T15:14:45.126012Z","2026-08-26T14:00:00Z","West","OR","Union County","41061"
"Linfield Review","The Linfield Review","local_news","news","https://thelinfieldreview.com/feed/","2026-08-26T04:39:04.029817Z","2026-08-25T05:02:23Z","West","OR","Yamhill County","41071"
"Linn Benton Commuter","The Commuter","local_news","news","https://lbcommuter.com/feed/","2026-08-26T15:04:07.090931Z","2026-06-17T06:28:53Z","West","OR","Linn County","41043"
"Madras Pioneer","Madras Pioneer","local_news","news","https://madraspioneer.com/feed/","2026-08-26T15:14:45.164868Z","2026-08-26T13:16:24Z","West","OR","Jefferson County","41031"
"New Era","The New Era","local_news","news","https://www.sweethomenews.com/feed/","2026-08-26T15:04:08.173898Z","2026-08-25T22:35:10Z","West","OR","Linn County","41043"
"News-Register","newsregister.com Articles","local_news","news","https://newsregister.com/index.php?rss=Article","2026-08-26T15:04:07.540292Z","2026-08-25T17:46:30Z","West","OR","Yamhill County","41071"
"Nugget","The Nugget Newspaper - RSS Feed","local_news","news","https://www.nuggetnews.com/rss","2026-08-26T15:37:10.538876Z","2026-08-25T11:56:00Z","West","OR","Deschutes County","41017"
"Oregon Daily Emerald","Daily Emerald","local_news","news","http://dailyemerald.com/feed/","2026-08-26T04:39:16.417002Z","2026-08-25T17:34:06Z","West","OR","Lane County","41039"
"Oregon Newspaper Publishers Association","orenews.com Articles","local_news","news","http://www.orenews.com/index.php?rss=Article","2026-08-26T15:04:19.357650Z","2026-08-19T07:00:00Z","West","OR","Multnomah County","41051"
"Portland Mercury","Portland Mercury","local_news","news","https://www.portlandmercury.com/feed/","2026-08-26T04:39:16.437610Z","2026-08-25T22:56:11Z","West","OR","Multnomah County","41051"
"Portland Observer","The Portland Observer","local_news","news","https://www.portlandobserver.com/blog-feed.xml","2026-08-26T15:04:18.646625Z",,"West","OR","Multnomah County","41051"
"Portland Tribune","The Portland Tribune","local_news","news","https://portlandtribune.com/feed/","2026-08-26T15:14:45.255561Z","2026-08-26T13:30:39Z","West","OR","Multnomah County","41051"
"River Reflections","McKenzie River Reflections - RSS Feed","local_news","news","https://www.mckenzieriverreflectionsnewspaper.com/rss","2026-08-26T15:37:09.142495Z","2026-08-25T17:32:00Z","West","OR","Lane County","41039"
"Rogue River Press","Rogue River Press","local_news","news","https://www.rogueriverpress.com/feed/","2026-08-26T15:04:19.531990Z","2026-08-26T14:39:16Z","West","OR","Jackson County","41029"
"Salem News","Salem-News.com","local_news","news","http://salem-news.com/rss/rss.xml","2026-08-26T04:39:16.478181Z",,"West","OR","Marion County","41047"
"Source Weekly","The Source - Bend, Oregon","local_news","news","https://www.bendsource.com/feed/","2026-08-26T15:04:20.656709Z","2026-08-25T23:19:58Z","West","OR","Deschutes County","41017"
"Wallowa County Chieftain","Wallowa County Chieftain","local_news","news","https://wallowa.com/feed/","2026-08-26T15:14:45.764785Z","2026-08-26T14:00:00Z","West","OR","Wallowa County","41063"
"Woodburn Independent","Woodburn Independent","local_news","news","https://woodburnindependent.com/feed/","2026-08-26T15:14:49.323293Z","2026-08-26T13:30:39Z","West","OR","Marion County","41047"
"Abington Journal","Abington Journal","local_news","news","https://www.theabingtonjournal.com/feed","2026-08-26T15:04:21.716433Z","2026-08-05T04:00:00Z","Northeast","PA","Lackawanna County","42069"
"Almanac","The Almanac","local_news","news","https://www.thealmanac.net/feed/","2026-08-26T15:14:47.126118Z","2026-08-23T12:21:00Z","Northeast","PA","Allegheny County","42003"
"Altoona Mirror","Altoona Mirror","local_news","news","https://www.altoonamirror.com/feed/","2026-08-26T15:14:46.649118Z","2026-08-26T13:39:04Z","Northeast","PA","Blair County","42013"
"Bradford Era","The Bradford Era","local_news","news","https://www.bradfordera.com/feed/","2026-08-26T15:14:46.742175Z","2026-08-26T14:53:41Z","Northeast","PA","McKean County","42083"
"Dallas Post","Dallas Post","local_news","news","https://www.mydallaspost.com/feed","2026-08-26T15:04:22.811446Z","2026-08-26T00:49:00Z","Northeast","PA","Luzerne County","42079"
"Dispatch","The Sunday Dispatch","local_news","news","https://www.psdispatch.com/feed","2026-08-26T04:39:22.784179Z","2026-08-26T00:49:00Z","Northeast","PA","Luzerne County","42079"
"Explore Venango","exploreVenango","local_news","news","https://www.explorevenango.com/feed/","2026-08-26T15:04:27.617802Z","2026-08-26T14:40:12Z","Northeast","PA","Venango County","42121"
"Express","The Express","local_news","news","https://www.lockhaven.com/feed/","2026-08-26T15:14:50.254750Z","2026-08-26T04:00:59Z","Northeast","PA","Clinton County","42035"
"Fulton County News","Fulton County News","local_news","news","https://www.fultoncountynews.com/feed/","2026-08-26T15:14:50.263950Z","2026-08-21T14:15:06Z","Northeast","PA","Fulton County","42057"
"Gant Daily","GantNews.com","local_news","news","https://gantnews.com/feed/","2026-08-26T15:04:23.542585Z","2026-08-26T14:40:17Z","Northeast","PA","Clearfield County","42033"
"Herald-Standard","Herald-Standard","local_news","news","https://www.heraldstandard.com/feed/","2026-08-26T15:14:50.410134Z","2026-08-26T11:37:08Z","Northeast","PA","Fayette County","42051"
"Mountain Peaks","Mountain Peaks","local_news","news","https://mt-peaks.com/feed/","2026-08-26T15:04:30.187009Z","2026-08-13T10:00:00Z","Northeast","PA","Luzerne County","42079"
"Muhlenberg Weekly","The Muhlenberg Weekly","local_news","news","https://muhlenbergweekly.com/feed/","2026-08-26T15:04:30.759746Z","2026-08-06T12:00:00Z","Northeast","PA","Lehigh County","42077"
"Observer-Reporter","Observer-Reporter","local_news","news","https://www.observer-reporter.com/feed/","2026-08-26T15:14:52.050054Z","2026-08-26T14:12:03Z","Northeast","PA","Washington County","42125"
"Philadelphia Gay News","Philadelphia Gay News","local_news","news","https://epgn.com/feed/","2026-08-26T15:04:32.241322Z","2026-08-26T15:00:06Z","Northeast","PA","Philadelphia County","42101"
"Pittsburgh Post-Gazette","All Feed","local_news","news","https://www.post-gazette.com/rss","2026-08-26T15:04:32.248847Z","2026-08-26T14:23:02Z","Northeast","PA","Allegheny County","42003"
"Progress News","My Progress News","local_news","news","https://www.myprogressnews.com/blog-feed.xml","2026-08-26T15:04:32.269358Z",,"Northeast","PA","Venango County","42121"
"Rocket-Courier","ROCKET-COURIER","local_news","news","https://www.rocket-courier.com/feed/","2026-08-26T15:14:52.620720Z","2026-08-20T04:01:00Z","Northeast","PA","Bradford County","42015"
"Sentinel","The Sentinel","local_news","news","https://www.lewistownsentinel.com/feed/","2026-08-26T15:14:53.353126Z","2026-08-26T04:00:46Z","Northeast","PA","Mifflin County","42087"
"Sun","The Sun","local_news","news","https://news.thesunontheweb.com/feed/","2026-08-26T15:14:53.960949Z","2026-08-25T13:18:04Z","Northeast","PA","Dauphin County","42043"
"Sun-Gazette","Williamsport Sun-Gazette","local_news","news","https://www.sungazette.com/feed/","2026-08-26T15:14:54.058429Z","2026-08-26T13:51:33Z","Northeast","PA","Lycoming County","42081"
"The Lafayette","The Lafayette","local_news","news","https://lafayettestudentnews.com/feed/","2026-08-26T04:39:46.819767Z","2026-08-23T17:46:45Z","Northeast","PA","Northampton County","42095"
"The Pitt News","The Pitt News","local_news","news","https://pittnews.com/feed/","2026-08-26T04:39:46.894859Z","2026-08-25T11:00:58Z","Northeast","PA","Allegheny County","42003"
"The Tartan","The Tartan","local_news","news","https://the-tartan.org/feed/","2026-08-26T15:04:33.521857Z","2026-08-04T16:36:54Z","Northeast","PA","Allegheny County","42003"
"The Triangle","The Triangle","local_news","news","https://www.thetriangle.org/feed","2026-08-26T04:39:47.846527Z",,"Northeast","PA","Philadelphia County","42101"
"The Voice","The Voice","local_news","news","https://buvoice.com/feed/","2026-08-26T15:04:38.282761Z","2026-08-13T21:04:15Z","Northeast","PA","Columbia County","42037"
"Times Leader","Times Leader","local_news","news","https://www.timesleader.com/feed","2026-08-26T15:04:36.867373Z","2026-08-26T03:00:00Z","Northeast","PA","Luzerne County","42079"
"Warren Times Observer","Times Observer","local_news","news","https://www.timesobserver.com/feed/","2026-08-26T15:14:54.983801Z","2026-08-26T04:00:59Z","Northeast","PA","Warren County","42123"
"Weekender","Weekender","local_news","news","https://theweekender.com/feed","2026-08-26T15:04:36.518270Z","2026-08-23T04:00:00Z","Northeast","PA","Luzerne County","42079"
"Wellsboro Gazette","www.tiogapublishing.com - RSS Results in the_wellsboro_mansfield_gazette of type article","local_news","news","https://www.tiogapublishing.com/search/?c=the_wellsboro_mansfield_gazette&f=rss&l=50&s=start_time&sd=desc&t=article","2026-08-26T15:04:39.474951Z","2026-08-20T15:00:00Z","Northeast","PA","Tioga County","42117"
"Wilkes University Beacon","The Beacon","local_news","news","https://www.thewilkesbeacon.com/feed/","2026-08-26T15:04:39.374872Z","2026-06-26T14:12:45Z","Northeast","PA","Luzerne County","42079"
"Jamestown Press","Jamestown Press","local_news","news","https://www.jamestownpress.com/feed/","2026-08-26T15:14:56.960975Z","2026-08-20T04:00:00Z","Northeast","RI","Newport County","44005"
"Newport This Week","Newport This Week","local_news","news","https://www.newportthisweek.com/feed/","2026-08-26T15:14:57.314354Z","2026-08-25T17:23:13Z","Northeast","RI","Newport County","44005"
"Providence Business News","Providence Business News","local_news","news","https://pbn.com/feed/","2026-08-26T15:04:40.086009Z","2026-08-26T14:52:59Z","Northeast","RI","Providence County","44007"
"Aiken Standard","www.postandcourier.com - RSS Results in aikenstandard of type article","local_news","news","https://www.postandcourier.com/search/?f=rss&t=article&c=aikenstandard&l=50&s=start_time&sd=desc","2026-08-26T15:04:40.638729Z","2026-08-21T14:09:00Z","South","SC","Aiken County","45003"
"Berkeley Observer","The Berkeley Observer","local_news","news","https://berkeleyobserver.com/feed/","2026-08-26T04:40:04.210313Z","2026-08-20T23:20:56Z","South","SC","Berkeley County","45015"
"Charleston City Paper","Charleston City Paper","local_news","news","https://charlestoncitypaper.com/feed/","2026-08-26T15:04:40.696642Z","2026-08-26T13:24:17Z","South","SC","Charleston County","45019"
"Cheraw Chronicle","Cheraw Chronicle","local_news","news","https://www.thecherawchronicle.com/feed/","2026-08-26T15:04:42.349403Z","2026-08-19T12:27:58Z","South","SC","Chesterfield County","45025"
"Coastal Observer","Coastal Observer","local_news","news","https://coastalobserver.com/feed/","2026-08-26T15:14:57.625423Z","2026-08-24T11:00:04Z","South","SC","Georgetown County","45043"
"Columbia Star","Columbia Star","local_news","news","https://www.thecolumbiastar.com/feed/","2026-08-26T15:14:57.687525Z","2026-08-20T15:00:00Z","South","SC","Richland County","45079"
"Edgefield Advertiser","The Edgefield Advertiser","local_news","news","https://www.edgefieldadvertiser.com/feed/","2026-08-26T04:40:06.857279Z","2026-06-06T15:00:08Z","South","SC","Edgefield County","45037"
"Independent Voice","The Voice of Blythewood & Fairfield County","local_news","news","http://blythewoodonline.com/feed/","2026-08-26T04:40:16.183583Z","2026-08-25T23:25:39Z","South","SC","Fairfield County","45039"
"Journal Online","The Journal Online","local_news","news","https://thejournalonline.com/feed/","2026-08-26T15:02:01.101741Z","2026-08-26T14:31:07Z","South","SC","Anderson County","45007"
"Ledger","The Gaffney Ledger","local_news","news","https://www.gaffneyledger.com/feed/","2026-08-26T15:15:00.321167Z","2026-08-26T04:01:00Z","South","SC","Cherokee County","45021"
"Marlboro Herald-Advocate","Herald-Advocate","local_news","news","https://heraldadvocate.com/feed/","2026-08-26T15:04:49.138613Z","2026-08-24T19:28:00Z","South","SC","Marlboro County","45069"
"Messenger","scnow.com - RSS Results in messenger of type article","local_news","news","https://scnow.com/search/?f=rss&t=article&c=messenger&l=50&s=start_time&sd=desc","2026-08-26T04:40:17.680145Z","2026-08-19T09:30:00Z","South","SC","Darlington County","45031"
"Newberry Observer","Newberry Observer","local_news","news","https://www.newberryobserver.com/feed","2026-08-26T15:04:50.883672Z","2026-08-21T19:06:00Z","South","SC","Newberry County","45071"
"Pickens County Courier","Pickens County Courier","local_news","news","https://www.yourpickenscounty.com/feed/","2026-08-26T15:04:51.836013Z","2026-08-26T04:37:50Z","South","SC","Pickens County","45077"
"Saluda Standard Sentinel","Saluda Standard Sentinel","local_news","news","https://saludastandard-sentinel.com/feed/","2026-08-26T15:04:53.029212Z","2026-08-26T07:52:44Z","South","SC","Saluda County","45081"
"The Collegian","The Collegian","local_news","news","https://collegianonline.com/feed/","2026-08-26T15:04:53.012807Z","2026-06-05T11:02:27Z","South","SC","Greenville County","45045"
"Times & Democrat","thetandd.com - RSS Results of type article with keyword(s) of #topstory","local_news","news","https://thetandd.com/search/?f=rss&t=article&l=50&s=start_time&sd=desc&k%5B%5D=%23topstory","2026-08-26T15:04:51.852649Z","2026-08-22T04:15:00Z","South","SC","Orangeburg County","45075"
"Times Examiner","Welcome - The Times Examiner","local_news","news","https://www.timesexaminer.com/?format=feed&type=atom","2026-08-26T15:04:53.049669Z","2026-08-20T03:32:09Z","South","SC","Greenville County","45045"
"Upstate Business Journal","UPSTATE BUSINESS JOURNAL","local_news","news","http://upstatebusinessjournal.com/feed/","2026-08-26T04:40:42.480505Z","2026-08-25T20:30:36Z","South","SC","Greenville County","45045"
"Brookings Register","Brookings Register","local_news","news","https://www.brookingsregister.com/feed/","2026-08-26T15:04:58.576803Z","2026-08-26T07:45:00Z","Midwest","SD","Brookings County","46011"
"Daily Republic","Mitchell Daily Republic | Mitchell, South Dakota","local_news","news","https://www.mitchellrepublic.com/index.rss","2026-08-26T15:04:54.878749Z",,"Midwest","SD","Davison County","46035"
"Faulk County Record","Faulk County Record","local_news","news","https://www.faulkcountyrecord.com/feed/","2026-08-26T15:04:53.094124Z","2026-08-25T18:25:06Z","Midwest","SD","Faulk County","46049"
"Lennox Independent","Lennox Independent","local_news","news","https://www.lennoxnews.com/blog-feed.xml","2026-08-26T15:04:53.355214Z",,"Midwest","SD","Lincoln County","46083"
"Madison Daily Leader","Madison Daily Leader","local_news","news","https://www.madisondailyleader.com/index.rss","2026-08-26T15:04:52.926143Z",,"Midwest","SD","Lake County","46079"
"Mobridge Tribune","Mobridge Tribune","local_news","news","http://www.mobridgetribune.com/feed/","2026-08-26T04:40:43.894499Z","2026-08-19T16:44:25Z","Midwest","SD","Dewey County","46041"
"Moody County Enterprise","Moody County Enterprise","local_news","news","https://www.moodycountyenterprise.com/feed/","2026-08-26T15:04:59.859372Z","2026-08-25T16:10:15Z","Midwest","SD","Moody County","46101"
"Philip Pioneer-Review","Pioneer Review","local_news","news","https://www.pioneer-review.com/rss.xml","2026-08-26T04:40:49.803830Z","2026-08-19T18:01:53Z","Midwest","SD","Haakon County","46055"
"Pierre Capital Journal","Pierre Capital Journal","local_news","news","https://www.capjournal.com/index.rss","2026-08-26T15:04:59.792944Z",,"Midwest","SD","Hughes County","46065"
"Plainsman","Huron Plainsman","local_news","news","https://plainsman.com/feed/","2026-08-26T15:04:59.920552Z","2026-08-26T01:00:00Z","Midwest","SD","Beadle County","46005"
"Reporter & Farmer","Reporter & Farmer","local_news","news","https://www.reporterandfarmer.com/rss.xml","2026-08-26T15:26:37.939799Z","2026-08-22T11:53:37Z","Midwest","SD","Day County","46037"
"Tea Weekly","Tea Weekly","local_news","news","https://www.teaweekly.com/blog-feed.xml","2026-08-26T15:05:01.372253Z",,"Midwest","SD","Lincoln County","46083"
"Bartlett Express","The Bartlett Express","local_news","news","https://bartlett-express.com/feed/","2026-08-26T15:05:01.324835Z","2026-08-20T22:38:20Z","South","TN","Shelby County","47157"
"Cannon Courier","Cannon Courier","local_news","news","https://www.cannoncourier.com/feeds","2026-08-26T15:05:00.896774Z","2026-08-25T12:42:03Z","South","TN","Cannon County","47015"
"Carthage Courier","Carthage Courier","local_news","news","https://www.carthagecourier.com/feed/","2026-08-26T15:05:01.776080Z","2026-08-25T14:32:41Z","South","TN","Smith County","47159"
"Chattanoogan","Chattanoogan.com Breaking News","local_news","news","https://www.chattanoogan.com/Breaking-News/feed","2026-08-26T15:05:11.568241Z",,"South","TN","Hamilton County","47065"
"Citizen Tribune","Citizen Tribune","local_news","news","https://www.citizentribune.com/feed/","2026-08-26T15:05:01.532574Z","2026-08-26T14:00:00Z","South","TN","Hamblen County","47063"
"Covington Leader","The Leader","local_news","news","https://covingtonleader.com/feed/","2026-08-26T15:05:00.958008Z","2026-08-25T22:53:14Z","South","TN","Tipton County","47167"
"Daily Beacon","The Daily Beacon","local_news","news","https://utdailybeacon.com/feed/","2026-08-26T15:05:03.911908Z","2026-08-26T14:56:23Z","South","TN","Knox County","47093"
"Elizabethton Star","Elizabethton Star","local_news","news","https://elizabethton.com/feed/","2026-08-26T15:15:04.261938Z","2026-08-25T19:32:48Z","South","TN","Carter County","47019"
"Elk Valley Times","Elk Valley Times","local_news","news","https://www.elkvalleytimes.com/feed/","2026-08-26T15:37:35.238755Z","2026-08-25T19:01:58Z","South","TN","Lincoln County","47103"
"Gallatin News","Main Street Media of Tennessee","local_news","news","https://mainstreetmediatn.com/feed/","2026-08-26T15:15:06.565106Z","2026-08-26T14:38:11Z","South","TN","Sumner County","47165"
"Grundy County Herald","Grundy County Herald","local_news","news","https://www.grundycountyherald.com/feed/","2026-08-26T15:05:04.666600Z","2026-08-25T18:58:19Z","South","TN","Grundy County","47061"
"Herald-Chronicle","Winchester Herald Chronicle","local_news","news","https://www.heraldchronicle.com/feed/","2026-08-26T15:05:05.952483Z","2026-08-26T03:28:42Z","South","TN","Franklin County","47051"
"Jefferson County Post","The Jefferson County Post","local_news","news","https://jeffersoncountypost.com/?feed=rss2","2026-08-26T15:05:05.471505Z","2026-08-25T22:19:25Z","South","TN","Jefferson County","47089"
"Knoxville Daily Sun","Knoxville Daily Sun","local_news","news","https://www.knoxvilledailysun.com/rss.xml","2026-08-26T15:26:41.400839Z","2026-08-26T02:37:20Z","South","TN","Knox County","47093"
"Knoxville Focus","The Knoxville Focus","local_news","news","https://www.knoxfocus.com/feed/","2026-08-26T15:05:05.622144Z","2026-08-26T10:13:42Z","South","TN","Knox County","47093"
"Manchester Times","Manchester Times","local_news","news","https://www.manchestertimes.com/feed/","2026-08-26T15:05:07.729753Z","2026-08-26T14:41:28Z","South","TN","Coffee County","47031"
"Memphis Flyer","Memphis Flyer","local_news","news","https://www.memphisflyer.com/feed/","2026-08-26T15:05:07.809298Z","2026-08-26T12:40:54Z","South","TN","Shelby County","47157"
"Metro Pulse","Metro Pulse(R)","local_news","news","https://metropulse.com/feed/","2026-08-26T15:05:09.071885Z","2026-08-26T13:03:30Z","South","TN","Knox County","47093"
"Mirror-Exchange","Gibson County News","local_news","news","https://www.milanmirrorexchange.com/feed/","2026-08-26T04:40:51.045305Z","2026-08-24T17:14:18Z","South","TN","Gibson County","47053"
"Moore County News","Moore County News","local_news","news","https://www.themoorecountynews.com/feed/","2026-08-26T15:05:09.976008Z","2026-08-25T18:55:49Z","South","TN","Moore County","47127"
"Mt Juliet News","www.lebanondemocrat.com - RSS Results in mtjuliet of type article","local_news","news","https://www.lebanondemocrat.com/search/?f=rss&t=article&c=mtjuliet&l=50&s=start_time&sd=desc","2026-08-26T15:05:11.000793Z","2026-08-26T04:01:00Z","South","TN","Wilson County","47189"
"Pulse","The Pulse","local_news","news","https://www.chattanoogapulse.com/api/rss/content.rss","2026-08-26T04:40:57.385273Z","2026-08-25T09:35:00Z","South","TN","Hamilton County","47065"
"Standard Banner","The Standard Banner","local_news","news","https://www.standardbanner.com/feed/","2026-08-26T15:15:12.036566Z","2026-08-26T07:59:26Z","South","TN","Jefferson County","47089"
"Tennessee Tribune","The Tennessee Tribune","local_news","news","http://tntribune.com/feed/","2026-08-26T04:41:02.212696Z","2026-08-25T19:15:10Z","South","TN","Davidson County","47037"
"The Daily News","The Memphis Daily News","local_news","news","https://www.memphisdailynews.com/NewsFeed.aspx","2026-08-26T15:05:11.591045Z",,"South","TN","Shelby County","47157"
"The East Tennessean","East Tennessean","local_news","news","http://easttennessean.com/feed/","2026-08-26T04:41:04.617044Z","2026-08-26T00:39:37Z","South","TN","Washington County","47179"
"The Pacer","The Pacer","local_news","news","https://www.thepacer.net/feed/","2026-08-26T15:05:11.729077Z","2026-08-24T18:44:53Z","South","TN","Weakley County","47183"
"The Sidelines","MTSU Sidelines","local_news","news","https://mtsusidelines.com/feed/","2026-08-26T04:41:11.598516Z","2026-08-25T21:21:14Z","South","TN","Rutherford County","47149"
"Tullahoma News","Tullahoma News","local_news","news","https://www.tullahomanews.com/feed/","2026-08-26T15:05:12.738668Z","2026-08-26T15:01:58Z","South","TN","Coffee County","47031"
"Vanderbilt Hustler","The Vanderbilt Hustler","local_news","news","https://vanderbilthustler.com/feed/","2026-08-26T15:05:12.317107Z","2026-08-26T14:30:32Z","South","TN","Davidson County","47037"
"Advocate","The Victoria Advocate","local_news","news","https://victoriaadvocate.com/feed/","2026-08-26T15:15:19.575040Z","2026-08-26T10:15:29Z","South","TX","Victoria County","48469"
"African American","African American News and Issues","local_news","news","https://aframnews.com/feed/","2026-08-26T15:05:12.991972Z","2026-08-26T05:01:21Z","South","TX","Harris County","48201"
"Albany News","Albany News","local_news","news","https://www.thealbanynews.net/rss.xml","2026-08-26T15:26:55.053555Z","2026-08-20T10:16:53Z","South","TX","Young County","48503"
"Alice Echo-News","Alice Echo News Journal","local_news","news","https://www.alicetx.com/feed/","2026-08-26T15:05:20.015051Z","2026-08-25T21:16:28Z","South","TX","Jim Wells County","48249"
"Allen American","starlocalmedia.com - RSS Results in allenamerican of type article","local_news","news","https://starlocalmedia.com/search/?f=rss&t=article&c=allenamerican&l=50&s=start_time&sd=desc","2026-08-26T04:41:12.887566Z","2026-08-21T17:00:00Z","South","TX","Collin County","48085"
"Alpine Avalanche","Alpine Avalanche","local_news","news","https://www.alpineavalanche.com/rss.xml","2026-08-26T15:26:52.664922Z","2026-08-19T20:22:40Z","South","TX","Brewster County","48043"
"Andrews County News","Andrews County News","local_news","news","https://www.andrewscountynews.com/rss.xml","2026-08-26T15:26:52.564378Z","2026-07-31T05:00:00Z","South","TX","Andrews County","48003"
"Austin Chronicle","The Austin Chronicle","local_news","news","https://www.austinchronicle.com/feed/","2026-08-26T15:05:13.584358Z","2026-08-26T00:00:00Z","South","TX","Travis County","48453"
"Big Bend Sentinel","Big Bend Sentinel","local_news","news","https://bigbendsentinel.com/feed/","2026-08-26T15:05:21.615143Z","2026-08-25T20:17:24Z","South","TX","Presidio County","48377"
"Boerne Star","Latest articles - Boerne Star","local_news","news","https://www.boernestar.com/rss/articles","2026-08-26T15:05:22.509070Z","2026-08-25T17:38:00Z","South","TX","Kendall County","48259"
"Bowie News","Bowie News","local_news","news","https://bowienewsonline.com/feed/","2026-08-26T15:05:21.544574Z","2026-08-26T14:59:20Z","South","TX","Montague County","48337"
"Brownsville Herald","MyRGV.com","local_news","news","https://myrgv.com/feed/","2026-08-26T15:05:22.565303Z","2026-08-26T11:00:50Z","South","TX","Cameron County","48061"
"Brownwood Bulletin","Brownwood Bulletin","local_news","news","https://www.brownwoodtx.com/feed/","2026-08-26T15:05:22.621306Z","2026-08-24T18:59:26Z","South","TX","Brown County","48049"
"Brownwood News","Brownwood News","local_news","news","https://www.brownwoodnews.com/feed/","2026-08-26T15:05:22.210032Z","2026-08-26T11:00:39Z","South","TX","Brown County","48049"
"Burleson County Tribune","Burleson County Tribune - Serving Burleson County for 130 years","local_news","news","http://www.bctribune.com/rss.xml","2026-08-26T15:26:56.452898Z","2026-08-26T10:34:52Z","South","TX","Burleson County","48051"
"Caprock Courier","Caprock Courier","local_news","news","https://www.caprockcourier.com/rss.xml","2026-08-26T15:26:58.271355Z","2026-08-13T10:41:33Z","South","TX","Briscoe County","48045"
"Chronicle-News","Raymondville Chronicle","local_news","news","https://www.raymondville-chronicle.com/feed/","2026-08-26T15:15:24.815592Z","2026-08-26T09:00:00Z","South","TX","Willacy County","48489"
"Clifton Record","Clifton Record Tribune","local_news","news","https://cliftonrecordtribune.com/feed/","2026-08-26T15:05:25.444494Z","2026-08-07T22:17:07Z","South","TX","Bosque County","48035"
"County Record","The Record Newspapers - RSS Feed","local_news","news","https://www.therecordlive.com/rss","2026-08-26T15:37:45.281717Z","2026-08-25T19:53:00Z","South","TX","Orange County","48361"
"Dallas Observer","Dallas Observer","local_news","news","https://www.dallasobserver.com/feed/","2026-08-26T04:41:16.702873Z","2026-08-25T21:04:35Z","South","TX","Dallas County","48113"
"Dallas Voice","Dallas Voice","local_news","news","https://dallasvoice.com/feed/","2026-08-26T15:05:26.212175Z","2026-08-26T14:00:00Z","South","TX","Dallas County","48113"
"Dispatch Record","Lampasas Dispatch Record","local_news","news","http://www.lampasasdispatchrecord.com/rss.xml","2026-08-26T15:27:06.371418Z","2026-08-24T20:17:42Z","South","TX","Lampasas County","48281"
"Dublin Citizen","Dublin Citizen","local_news","news","https://www.dublincitizen.com/rss.xml","2026-08-26T15:27:00.695591Z","2026-08-26T11:03:54Z","South","TX","Erath County","48143"
"Ellis County Press","Ellis County Press","local_news","news","https://www.elliscountypress.com/rss.xml","2026-08-26T15:27:06.991772Z","2026-07-09T19:27:39Z","South","TX","Ellis County","48139"
"Examiner","The Examiner","local_news","news","https://www.theexaminer.com/rss.xml","2026-08-26T04:41:18.234524Z","2026-08-06T21:08:49Z","South","TX","Jefferson County","48245"
"Farmersville Times","Farmersville Times","local_news","news","https://farmersvilletimes.com/feed/","2026-08-26T15:05:28.045646Z","2026-08-25T21:00:00Z","South","TX","Collin County","48085"
"Fayette County Record","The Fayette County Record","local_news","news","https://www.fayettecountyrecord.com/rss.xml","2026-08-26T15:27:06.412987Z","2026-08-24T15:12:07Z","South","TX","Fayette County","48149"
"Focus Daily News","Focus Daily News","local_news","news","https://www.focusdailynews.com/feed/","2026-08-26T15:15:27.832781Z","2026-08-24T18:30:12Z","South","TX","Dallas County","48113"
"Foghorn","FOGHORN NEWS","local_news","news","http://www.foghornnews.com/feed/","2026-08-26T04:41:17.363838Z","2026-08-25T19:56:27Z","South","TX","Nueces County","48355"
"Fort Stockton Pioneer","Fort Stockton Pioneer","local_news","news","https://www.fortstocktonpioneer.com/rss.xml","2026-08-26T15:27:07.909930Z","2026-08-19T20:22:38Z","South","TX","Pecos County","48371"
"Fort Worth Business Press","The Business Press","local_news","news","https://fortworthbusiness.com/feed/","2026-08-26T15:05:30.220422Z","2026-08-26T13:00:29Z","South","TX","Tarrant County","48439"
"Fort Worth Weekly","Fort Worth Weekly","local_news","news","https://www.fwweekly.com/feed/","2026-08-26T04:41:18.915030Z","2026-08-25T16:06:46Z","South","TX","Tarrant County","48439"
"Freestone County Times","FCT News","local_news","news","https://freestonecountytimesonline.com/feed/","2026-08-26T15:05:29.348658Z","2026-08-25T23:27:07Z","South","TX","Freestone County","48161"
"Gatesville Messenger","The Gatesville Messenger","local_news","news","https://www.gatesvillemessenger.com/rss.xml","2026-08-26T15:27:07.644787Z","2026-08-21T10:20:01Z","South","TX","Coryell County","48099"
"Gilmer Mirror","The Gilmer Mirror","local_news","news","https://www.gilmermirror.com/feed/","2026-08-26T15:05:31.579541Z","2026-08-26T13:19:58Z","South","TX","Upshur County","48459"
"Goldthwaite Eagle","The Goldthwaite Eagle","local_news","news","https://www.goldthwaiteeagle.com/feed/","2026-08-26T04:41:27.327197Z","2026-08-13T05:01:48Z","South","TX","Mills County","48333"
"Hamilton Herald News","The Hamilton Herald-News - Telling the stories of our people and our time","local_news","news","https://www.thehamiltonherald-news.com/rss.xml","2026-08-26T15:27:10.940558Z","2026-07-15T11:57:01Z","South","TX","Hamilton County","48193"
"Herald Democrat","Herald Democrat","local_news","news","https://www.heralddemocrat.com/feed/","2026-08-26T15:05:30.849848Z","2026-08-26T06:03:59Z","South","TX","Grayson County","48181"
"Hesperian-Beacon","Floyd County Hesperian-Beacon","local_news","news","https://www.hesperianbeacononline.com/rss.xml","2026-08-26T15:27:09.405212Z","2026-08-20T10:41:49Z","South","TX","Floyd County","48153"
"Hondo Anvil Herald","Hondo Anvil Herald Online","local_news","news","https://www.hondoanvilherald.com/blog-feed.xml","2026-08-26T15:05:32.802858Z",,"South","TX","Medina County","48325"
"Houston Press","Houston Press","local_news","news","https://www.houstonpress.com/feed/","2026-08-26T15:05:32.901630Z","2026-08-26T11:51:47Z","South","TX","Harris County","48201"
"Houstonian","Houstonian","local_news","news","https://houstonianonline.com/feed/","2026-08-26T04:41:28.220242Z","2026-08-19T07:34:14Z","South","TX","Walker County","48471"
"Kaufman Herald","Kaufman Herald","local_news","news","https://www.kaufmanherald.com/rss.xml","2026-08-26T15:27:12.317505Z","2026-06-03T11:17:48Z","South","TX","Kaufman County","48257"
"Kilgore News Herald","Kilgore News Herald","local_news","news","https://kilgorenewsherald.com/feed/","2026-08-26T15:15:39.692778Z","2026-08-26T12:20:19Z","South","TX","Gregg County","48183"
"Leader-Press","Copperas Cove Leader Press","local_news","news","https://www.coveleaderpress.com/rss.xml","2026-08-26T04:41:40.073479Z","2026-08-24T14:07:22Z","South","TX","Coryell County","48099"
"Lewisville Leader","starlocalmedia.com - RSS Results in lewisvilleleader of type article","local_news","news","https://starlocalmedia.com/search/?f=rss&t=article&c=lewisvilleleader&l=50&s=start_time&sd=desc","2026-08-26T04:41:38.663779Z","2026-08-13T05:00:00Z","South","TX","Denton County","48121"
"Lexington Leader","Lexington Leader","local_news","news","https://www.lexingtonleader.com/feed/","2026-08-26T15:15:40.808830Z","2026-08-26T14:00:00Z","South","TX","Lee County","48287"
"Livestock Weekly","Livestock Weekly","local_news","news","https://www.livestockweekly.com/rss.xml","2026-08-26T15:27:12.945347Z","2026-08-19T15:53:35Z","South","TX","Tom Green County","48451"
"Longview News-Journal","Longview News-Journal","local_news","news","https://news-journal.com/feed/","2026-08-26T15:15:41.522500Z","2026-08-26T10:43:18Z","South","TX","Gregg County","48183"
"Monitor","Mabank Monitor and Lake Area Leader - Your only local paper for news and sports.","local_news","news","https://www.themonitor.net/rss.xml","2026-08-26T15:27:14.876581Z","2026-08-21T13:40:19Z","South","TX","Henderson County","48213"
"Orange Leader","Orange Leader","local_news","news","https://orangeleader.com/feed/","2026-08-26T15:15:42.920389Z","2026-08-07T21:25:12Z","South","TX","Orange County","48361"
"Park Cities People","People Newspapers","local_news","news","https://www.peoplenewspapers.com/feed/","2026-08-26T04:41:50.151337Z","2026-08-25T22:01:58Z","South","TX","Dallas County","48113"
"Port Aransas South Jetty","Port Aransas South Jetty","local_news","news","https://www.portasouthjetty.com/feed/","2026-08-26T15:15:44.165976Z","2026-08-21T22:16:06Z","South","TX","Nueces County","48355"
"Port Arthur News","Port Arthur News","local_news","news","https://panews.com/feed/","2026-08-26T15:15:44.096954Z","2026-08-18T00:08:02Z","South","TX","Jefferson County","48245"
"Post","The Post Newspaper","local_news","news","https://thepostnewspaper.net/feed/","2026-08-26T15:05:43.434895Z","2026-08-25T20:02:06Z","South","TX","Galveston County","48167"
"Post-Register","Post Register","local_news","news","http://post-register.com/feed/","2026-08-26T04:41:51.332125Z","2026-08-25T19:53:59Z","South","TX","Caldwell County","48055"
"Princeton Herald","Princeton Herald","local_news","news","https://princetonherald.com/feed/","2026-08-26T15:05:36.526718Z","2026-08-25T13:00:00Z","South","TX","Collin County","48085"
"Progress Times","Progress Times","local_news","news","https://www.progresstimes.net/feed/","2026-08-26T15:05:38.042596Z","2026-08-25T21:50:57Z","South","TX","Hidalgo County","48215"
"Robertson County News","Robertson County News","local_news","news","https://www.robconews.com/blog-feed.xml","2026-08-26T15:05:38.508479Z",,"South","TX","Robertson County","48395"
"Rockdale Reporter","Rockdale Reporter","local_news","news","http://www.rockdalereporter.com/rss.xml","2026-08-26T15:27:15.641928Z","2026-08-19T17:13:14Z","South","TX","Milam County","48331"
"Round Top Register","Round Top","local_news","news","https://roundtop.com/feed/","2026-08-26T15:05:39.299220Z","2026-08-17T00:16:14Z","South","TX","Fayette County","48149"
"Salado Village Voice","Salado Village Voice","local_news","news","https://saladovillagevoice.com/feed/","2026-08-26T04:42:01.612954Z","2026-08-19T17:53:31Z","South","TX","Bell County","48027"
"San Antonio Current","San Antonio Current","local_news","news","https://www.sacurrent.com/feed/","2026-08-26T15:05:39.387530Z","2026-08-26T14:58:35Z","South","TX","Bexar County","48029"
"San Saba News & Star","San Saba News & Star","local_news","news","https://www.sansabanews.com/rss.xml","2026-08-26T15:27:17.283628Z","2026-08-26T12:33:16Z","South","TX","San Saba County","48411"
"Schulenburg Sticker","Schulenburg Sticker","local_news","news","https://www.schulenburgsticker.com/rss.xml","2026-08-26T15:27:17.290426Z","2026-08-26T01:37:16Z","South","TX","Fayette County","48149"
"Snyder Daily News","The Snyder News","local_news","news","https://www.thesnydernews.com/rss.xml","2026-08-26T15:27:18.166883Z","2026-08-19T05:00:00Z","South","TX","Scurry County","48415"
"Stephenville Empire-Tribune","Stephenville Empire-Tribune","local_news","news","https://www.yourstephenvilletx.com/feed/","2026-08-26T15:05:40.863897Z","2026-08-22T14:29:25Z","South","TX","Erath County","48143"
"TCU 360","TCU 360","local_news","news","https://tcu360.com/feed/","2026-08-26T04:42:01.778012Z","2026-07-31T21:44:13Z","South","TX","Tarrant County","48439"
"TCU Magazine","TCU Magazine","local_news","news","https://magazine.tcu.edu/feed/","2026-08-26T15:15:45.545951Z","2026-08-17T17:52:54Z","South","TX","Tarrant County","48439"
"Taylor Daily Press","Taylor Daily Press","local_news","news","https://www.taylordailypress.net/feed/","2026-08-26T15:05:40.958225Z","2026-08-19T12:18:26Z","South","TX","Williamson County","48491"
"Texas Border Business","Texas Border Business","local_news","news","https://texasborderbusiness.com/feed/","2026-08-26T04:42:00.855988Z","2026-08-25T22:02:10Z","South","TX","Hidalgo County","48215"
"Texas En Linea","TEXAS EN LINEA","local_news","news","http://texasenlinea.com/feed/","2026-08-26T15:05:43.154879Z","2026-08-21T16:38:33Z","South","TX","Galveston County","48167"
"Texas Tribune","The Texas Tribune","local_news","news","https://feeds.texastribune.org/feeds/main/","2026-08-26T15:05:43.178714Z","2026-08-26T14:35:40Z","South","TX","Travis County","48453"
"The Battalion","The Battalion","local_news","news","https://thebatt.com/feed/","2026-08-26T15:05:43.190351Z","2026-08-26T03:11:39Z","South","TX","Brazos County","48041"
"The Daily Cougar","The Cougar","local_news","news","https://thedailycougar.com/feed/","2026-08-26T15:05:42.564807Z","2026-08-25T23:14:23Z","South","TX","Harris County","48201"
"The Lariat","The Baylor Lariat","local_news","news","http://baylorlariat.com/feed/","2026-08-26T04:42:13.769106Z","2026-08-26T03:50:52Z","South","TX","McLennan County","48309"
"The Megaphone","The Megaphone","local_news","news","https://megaphone.southwestern.edu/feed/","2026-08-26T04:42:16.047791Z","2026-06-01T15:18:20Z","South","TX","Williamson County","48491"
"The Optimist Online","The Optimist","local_news","news","http://acuoptimist.com/feed/","2026-08-26T04:42:18.424487Z","2026-08-26T04:07:18Z","South","TX","Taylor County","48441"
"The Paisano","The Paisano","local_news","news","https://paisano-online.com/feed/","2026-08-26T15:05:41.039057Z","2026-08-25T19:00:59Z","South","TX","Bexar County","48029"
"The Wichitan","The Wichitan","local_news","news","https://thewichitan.com/feed/atom/","2026-08-26T15:05:44.417375Z","2026-08-23T22:59:24Z","South","TX","Wichita County","48485"
"Tyler Morning Telegraph","Tyler Morning Telegraph","local_news","news","https://tylerpaper.com/feed/","2026-08-26T15:15:51.805506Z","2026-08-26T10:35:53Z","South","TX","Smith County","48423"
"University Star","The University Star","local_news","news","https://universitystar.com/feed/","2026-08-26T15:05:43.241398Z","2026-08-26T13:00:54Z","South","TX","Hays County","48209"
"Uvalde Leader News","Uvalde Leader News","local_news","news","https://www.uvaldeleadernews.com/feed/","2026-08-26T15:15:51.887620Z","2026-08-25T14:49:23Z","South","TX","Uvalde County","48463"
"Waxahachie Daily Light","Waxahachie Daily Light","local_news","news","https://www.waxahachietx.com/feed/","2026-08-26T15:05:45.702124Z","2026-08-26T11:00:00Z","South","TX","Ellis County","48139"
"Williamson County Sun","Williamson County Sun","local_news","news","https://www.wilcosun.com/rss.xml","2026-08-26T15:27:22.060956Z","2026-08-25T17:25:56Z","South","TX","Williamson County","48491"
"Wilson County News","Wilson County News","local_news","news","https://www.wilsoncountynews.com/feed/","2026-08-26T15:15:53.344535Z","2026-08-25T21:59:57Z","South","TX","Wilson County","48493"
"Winter Texan Times","Winter Texan Times","local_news","news","https://www.wintertexantimes.com/?format=feed&type=atom","2026-08-26T15:05:44.980785Z","2026-08-15T03:46:52Z","South","TX","Hidalgo County","48215"
"Wise County Messenger","Wise County Messenger","local_news","news","http://www.wcmessenger.com/feed/","2026-08-26T04:42:19.424493Z","2026-08-25T22:39:51Z","South","TX","Wise County","48497"
"Wylie News","Wylie News","local_news","news","https://wylienews.com/feed/","2026-08-26T04:42:19.419655Z","2026-08-26T04:18:11Z","South","TX","Collin County","48085"
"Box Elder News Journal","Box Elder News Journal","local_news","news","https://www.benewsjournal.com/feed/","2026-08-26T15:15:54.775166Z","2026-08-26T10:00:00Z","West","UT","Box Elder County","49003"
"Davis County Clipper","Davis County Clipper","local_news","news","https://www.clippertoday.com/feed/","2026-08-26T15:05:47.407379Z","2026-06-26T08:35:17Z","West","UT","Davis County","49011"
"Deseret News","Deseret News","local_news","news","https://www.deseret.com/rss/latest.rss","2026-08-26T15:05:47.429977Z","2026-08-26T14:14:49Z","West","UT","Salt Lake County","49035"
"Draper Journal","Draper Journal | Educating | Entertaining | Informing","local_news","news","https://www.draperjournal.com/?format=atom","2026-08-26T04:42:20.033936Z","2026-08-25T23:05:39Z","West","UT","Salt Lake County","49035"
"Midvale Journal","Midvale Journal | Educating | Entertaining | Informing","local_news","news","https://www.midvalejournal.com/?format=atom","2026-08-26T15:05:47.458940Z","2026-08-19T20:02:55Z","West","UT","Salt Lake County","49035"
"Murray Journal","Murray Journal | Educating | Entertaining | Informing","local_news","news","https://www.murrayjournal.com/?format=atom","2026-08-26T04:42:22.576508Z","2026-08-06T03:23:40Z","West","UT","Salt Lake County","49035"
"Park Record","Park Record","local_news","news","https://www.parkrecord.com/feed/","2026-08-26T04:42:23.797340Z","2026-08-26T00:00:00Z","West","UT","Summit County","49043"
"QSaltLake","QSaltLake Magazine","local_news","news","https://www.qsaltlake.com/feed/","2026-08-26T15:05:52.730194Z","2026-08-25T15:42:03Z","West","UT","Salt Lake County","49035"
"Richfield Reaper","The Richfield Reaper","local_news","news","https://www.richfieldreaper.com/feed/","2026-08-26T15:05:50.104048Z","2026-08-24T20:58:00Z","West","UT","Sevier County","49041"
"Salt Lake Tribune","The Salt Lake Tribune","local_news","news","https://www.sltrib.com/arc/outboundfeeds/rss/?outputType=xml","2026-08-26T15:05:50.192892Z","2026-08-26T14:55:47Z","West","UT","Salt Lake County","49035"
"Sandy Journal","Sandy Utah News | Educating | Entertaining | Informing","local_news","news","https://www.sandyjournal.com/?format=atom","2026-08-26T04:42:25.001656Z","2026-08-25T23:05:39Z","West","UT","Salt Lake County","49035"
"Sanpete Messenger","Sanpete Messenger","local_news","news","https://sanpetemessenger.com/feed/","2026-08-26T15:05:49.947107Z","2026-08-23T18:51:27Z","West","UT","Sanpete County","49039"
"Serve Daily","Serve Daily","local_news","news","https://servedaily.com/feed/","2026-08-26T04:42:25.474030Z","2026-05-31T15:00:00Z","West","UT","Utah County","49049"
"South Salt Lake Journal","South Salt Lake Journal | Educating | Entertaining | Informing","local_news","news","https://www.southsaltlakejournal.com/?format=atom","2026-08-26T15:05:52.503006Z","2026-08-04T19:17:05Z","West","UT","Salt Lake County","49035"
"South Valley Journal","South Valley Riverton Journal | Educating | Entertaining | Informing","local_news","news","https://www.rivertonjournal.com/?format=atom","2026-08-26T04:42:25.714840Z","2026-08-25T20:32:15Z","West","UT","Salt Lake County","49035"
"Southern Utah News","Southern Utah News","local_news","news","https://www.sunews.net/blog-feed.xml","2026-08-26T15:05:50.502290Z",,"West","UT","Kane County","49025"
"Taylorsville Journal","Taylorsville Journal | Educating | Entertaining | Informing","local_news","news","https://www.taylorsvillecityjournal.com/?format=atom","2026-08-26T15:05:50.628894Z","2026-08-21T19:09:25Z","West","UT","Salt Lake County","49035"
"The Daily Universe","Home","local_news","news","https://universe.byu.edu/index.rss","2026-08-26T15:05:49.821717Z",,"West","UT","Utah County","49049"
"The Daily Utah Chronicle","The Daily Utah Chronicle","local_news","news","https://dailyutahchronicle.com/feed/","2026-08-26T04:42:28.262767Z","2026-08-25T18:08:10Z","West","UT","Salt Lake County","49035"
"Times-Independent","The Times-Independent","local_news","news","https://www.moabtimes.com/feed/","2026-08-26T15:15:53.696476Z","2026-08-26T08:00:00Z","West","UT","Grand County","49019"
"Tooele Transcript","Tooele Transcript Bulletin","local_news","news","https://www.tooeleonline.com/feed/","2026-08-26T04:42:30.161167Z","2026-08-25T21:45:42Z","West","UT","Tooele County","49045"
"UVU Review","UVU REVIEW","local_news","news","https://www.uvureview.com/feed/","2026-08-26T04:42:28.574898Z","2026-08-25T21:23:36Z","West","UT","Utah County","49049"
"Utah Statesman Online","The Utah Statesman","local_news","news","https://usustatesman.com/feed/","2026-08-26T15:05:57.583251Z","2026-08-18T03:17:11Z","West","UT","Cache County","49005"
"Valley Journals","The City Journals | Educating | Entertaining | Informing","local_news","news","https://www.valleyjournals.com/?format=atom","2026-08-26T04:42:32.079018Z","2026-08-25T20:32:15Z","West","UT","Salt Lake County","49035"
"West Jordan Journal","West Jordan Journal | Educating | Entertaining | Informing","local_news","news","https://www.westjordanjournal.com/?format=atom","2026-08-26T04:42:30.973957Z","2026-08-25T23:05:39Z","West","UT","Salt Lake County","49035"
"Alexandria Times","Alexandria Times","local_news","news","https://alextimes.com/feed/","2026-08-26T04:42:31.257156Z","2026-08-20T18:07:39Z","South","VA","Alexandria city","51510"
"Augusta Free Press","Augusta Free Press","local_news","news","https://augustafreepress.com/feed/","2026-08-26T04:42:33.140684Z","2026-08-26T02:16:11Z","South","VA","Waynesboro city","51820"
"Bulletin Monitor","The Amelia Bulletin Monitor","local_news","news","https://www.ameliamonitor.com/feed/","2026-08-26T15:15:56.660666Z","2026-08-26T10:00:00Z","South","VA","Amelia County","51007"
"Central Virginian News","The Central Virginian","local_news","news","https://www.thecentralvirginian.com/feed/","2026-08-26T15:05:58.719828Z","2026-08-20T11:41:45Z","South","VA","Louisa County","51109"
"Coalfield Progress","The Coalfield Progress","local_news","news","https://www.thecoalfieldprogress.com/feed.atom","2026-08-26T15:05:58.672390Z","2026-08-24T21:18:43Z","South","VA","Wise County","51195"
"Coalfield Progress","The Coalfield Progress","local_news","news","https://www.coalfield.com/feed.atom","2026-08-26T15:05:58.604610Z","2026-08-24T21:18:43Z","South","VA","Norton city","51720"
"Commonwealth Times","The Commonwealth Times","local_news","news","https://commonwealthtimes.org/feed/","2026-08-26T04:42:34.288801Z","2026-08-24T14:41:31Z","South","VA","Richmond city","51760"
"Crozet Gazette","Crozet Gazette","local_news","news","https://www.crozetgazette.com/feed/","2026-08-26T04:42:34.306668Z","2026-08-09T16:00:26Z","South","VA","Albemarle County","51003"
"Enterprise","The Enterprise","local_news","news","https://theenterprise.net/feed/","2026-08-26T15:06:00.479552Z","2026-08-26T14:27:08Z","South","VA","Patrick County","51141"
"Falls Church News Press","Falls Church News-Press Online","local_news","news","https://www.fcnp.com/feed/","2026-08-26T15:05:59.968451Z","2026-08-25T02:19:13Z","South","VA","Falls Church city","51610"
"Farmville Herald","The Farmville Herald","local_news","news","https://farmvilleherald.com/feed/","2026-08-26T15:15:57.521927Z","2026-08-25T20:50:41Z","South","VA","Prince Edward County","51147"
"Fluvanna Review","Fluvanna Review","local_news","news","https://fluvannareview.com/feed/","2026-08-26T15:06:00.430046Z","2026-08-21T16:58:54Z","South","VA","Fluvanna County","51065"
"Hampton Roads Messenger","Hampton Roads Messenger","local_news","news","http://hamptonroadsmessenger.com/feed/","2026-08-26T04:42:38.972079Z","2026-08-25T16:11:27Z","South","VA","Norfolk city","51710"
"Lebanon News","Lebanon News","local_news","news","https://thelebanonnews.com/feed/","2026-08-26T15:06:01.995398Z","2026-08-25T22:01:00Z","South","VA","Russell County","51167"
"News and Record","SoVaNOW: Home of The News & Record and The Mecklenburg Sun","local_news","news","https://www.sovanow.com/feed/","2026-08-26T15:16:02.641334Z","2026-08-26T13:32:35Z","South","VA","Halifax County","51083"
"Orange County Review","dailyprogress.com - RSS Results in orangenews of type article","local_news","news","https://dailyprogress.com/search/?f=rss&t=article&c=orangenews&l=50&s=start_time&sd=desc","2026-08-26T04:42:40.733651Z","2026-07-29T10:00:00Z","South","VA","Orange County","51137"
"Rappahannock Record","Rappahannock Record","local_news","news","https://rrecord.com/feed/","2026-08-26T15:06:06.354721Z","2026-08-26T14:45:26Z","South","VA","Northumberland County","51133"
"Recorder","The Recorder Online","local_news","news","https://www.therecorderonline.com/feed/","2026-08-26T15:16:09.270805Z","2026-08-25T14:02:17Z","South","VA","Bath County","51017"
"Southwest Times","Patriot Publishing LLC","local_news","news","https://www.southwesttimes.com/feed/","2026-08-26T04:42:43.577092Z","2026-08-26T01:18:02Z","South","VA","Pulaski County","51155"
"Style Weekly","Style Weekly","local_news","news","https://www.styleweekly.com/feed/","2026-08-26T15:06:06.643267Z","2026-08-26T15:00:32Z","South","VA","Richmond city","51760"
"The Flat Hat","Flat Hat News","local_news","news","https://flathatnews.com/feed/","2026-08-26T04:42:46.936850Z","2026-08-26T00:28:57Z","South","VA","Williamsburg city","51830"
"Virginia Press Association","Virginia Press Association","local_news","news","https://www.vpa.net/feed/","2026-08-26T15:16:10.850713Z","2026-08-20T02:49:22Z","South","VA","Richmond city","51760"
"Virginia Star","Virginia Star","local_news","news","https://www.virginiastar.net/feed/","2026-08-26T04:42:47.020813Z","2026-08-25T19:31:45Z","South","VA","Scott County","51169"
"Addison Co. Independent","Addison Independent","local_news","news","https://www.addisonindependent.com/feed/","2026-08-26T15:06:08.057181Z","2026-08-25T19:42:32Z","Northeast","VT","Addison County","50001"
"Barton Chronicle","Barton Chronicle Newspaper","local_news","news","https://bartonchronicle.com/feed/","2026-08-26T04:42:49.383678Z","2026-08-25T16:56:18Z","Northeast","VT","Orleans County","50019"
"Chester Telegraph","The Chester Telegraph","local_news","news","http://www.chestertelegraph.org/feed/","2026-08-26T04:42:49.369563Z","2026-08-25T11:15:50Z","Northeast","VT","Windsor County","50027"
"Deerfield Valley News","The Deerfield Valley News","local_news","news","http://www.deerfieldvalleynews.org/rss.xml","2026-08-26T15:06:09.810225Z","2026-08-20T21:00:00Z","Northeast","VT","Windham County","50025"
"Herald of Randolph","The White River Valley Herald","local_news","news","https://www.ourherald.com/feed/","2026-08-26T15:16:09.802393Z","2026-08-20T10:06:30Z","Northeast","VT","Orange County","50017"
"Journal Opinion","Journal Opinion","local_news","news","https://jonews.com/feed/","2026-08-26T15:06:08.175137Z","2026-08-25T19:20:26Z","Northeast","VT","Orange County","50017"
"Seven Days","Seven Days","local_news","news","https://www.sevendaysvt.com/feed/","2026-08-26T15:06:10.574540Z","2026-08-26T14:00:00Z","Northeast","VT","Chittenden County","50007"
"The Mountain Times","Mountain Times","local_news","news","https://mountaintimes.info/feed/","2026-08-26T15:06:10.477026Z","2026-08-26T12:41:19Z","Northeast","VT","Rutland County","50021"
"Valley News","Valley News","local_news","news","https://vnews.com/feed/","2026-08-26T15:06:12.049629Z","2026-08-26T13:48:31Z","Northeast","VT","Windsor County","50027"
"Valley Reporter","The Valley Reporter - The Valley Reporter","local_news","news","https://www.valleyreporter.com/index.php?format=feed&type=rss","2026-08-26T15:06:11.059973Z","2026-08-20T04:52:25Z","Northeast","VT","Washington County","50023"
"Auburn Reporter","Auburn Reporter","local_news","news","https://www.auburn-reporter.com/feed/","2026-08-26T15:16:12.663638Z","2026-08-26T15:00:00Z","West","WA","King County","53033"
"Bellevue Reporter","Bellevue Reporter","local_news","news","https://www.bellevuereporter.com/feed/","2026-08-26T15:16:12.687783Z","2026-08-26T15:00:00Z","West","WA","King County","53033"
"Bothell Reporter","Bothell-Kenmore Reporter","local_news","news","https://www.bothell-reporter.com/feed/","2026-08-26T15:16:12.713619Z","2026-08-26T15:00:00Z","West","WA","King County","53033"
"Camas-Washougal Post-Record","Camas-Washougal Post-Record","local_news","news","http://www.camaspostrecord.com/feed/","2026-08-26T15:16:12.758562Z","2026-08-20T15:05:36Z","West","WA","Clark County","53011"
"Capitol Hill Times","Capitol Hill Times","local_news","news","https://www.capitolhilltimes.com/feed/","2026-08-26T04:43:09.262355Z","2026-08-25T08:55:55Z","West","WA","King County","53033"
"Central Kitsap Reporter","Kitsap Daily News","local_news","news","https://www.kitsapdailynews.com/feed/","2026-08-26T15:16:13.969984Z","2026-08-26T08:30:00Z","West","WA","Kitsap County","53035"
"Cheney Free Press","Cheney Free Press - RSS Feed","local_news","news","https://www.cheneyfreepress.com/rss","2026-08-26T15:38:30.520243Z","2026-08-20T16:01:00Z","West","WA","Spokane County","53063"
"Chinook Observer","Chinook Observer","local_news","news","https://chinookobserver.com/feed/","2026-08-26T15:16:12.968187Z","2026-08-26T12:43:16Z","West","WA","Pacific County","53049"
"Columbian","The Columbian","local_news","news","https://www.columbian.com/feed/","2026-08-26T15:16:13.778621Z","2026-08-26T15:11:56Z","West","WA","Clark County","53011"
"Courier-Herald","Courier-Herald","local_news","news","https://www.courierherald.com/feed/","2026-08-26T15:16:17.768167Z","2026-08-26T15:00:00Z","West","WA","King County","53033"
"Daily World","The Daily World","local_news","news","https://www.thedailyworld.com/feed/","2026-08-26T15:16:14.143171Z","2026-08-26T08:30:00Z","West","WA","Grays Harbor County","53027"
"Federal Way Mirror","Federal Way Mirror","local_news","news","https://www.federalwaymirror.com/feed/","2026-08-26T15:16:23.340225Z","2026-08-26T15:00:00Z","West","WA","King County","53033"
"Forks Forum","Forks Forum","local_news","news","https://www.forksforum.com/feed/","2026-08-26T15:16:23.385375Z","2026-08-20T08:30:00Z","West","WA","Jefferson County","53031"
"Grand Coulee Star","The Star - RSS Feed","local_news","news","https://www.grandcoulee.com/rss","2026-08-26T15:38:36.492831Z","2026-08-19T10:18:00Z","West","WA","Grant County","53025"
"Herald","HeraldNet.com","local_news","news","https://www.heraldnet.com/feed/","2026-08-26T15:16:23.424657Z","2026-08-26T08:30:00Z","West","WA","Snohomish County","53061"
"Island Beachcomber","Vashon-Maury Island Beachcomber","local_news","news","https://www.vashonbeachcomber.com/feed/","2026-08-26T15:16:24.813967Z","2026-08-26T15:00:00Z","West","WA","King County","53033"
"Islands' Sounder","Islands' Sounder","local_news","news","https://www.islandssounder.com/feed/","2026-08-26T15:16:23.732128Z","2026-08-26T08:30:00Z","West","WA","San Juan County","53055"
"Jefferson County Leader","Port Townsend & Jefferson County Leader","local_news","news","https://ptleader.com/feed/","2026-08-26T15:16:24.480690Z","2026-08-26T07:02:00Z","West","WA","Jefferson County","53031"
"Journal San Juan","The Journal of the San Juan Islands","local_news","news","https://www.sanjuanjournal.com/feed/","2026-08-26T15:16:23.785962Z","2026-08-26T08:30:00Z","West","WA","San Juan County","53055"
"Kent Reporter","Kent Reporter","local_news","news","https://www.kentreporter.com/feed/","2026-08-26T15:16:23.597028Z","2026-08-26T15:00:00Z","West","WA","King County","53033"
"Mason County Journal","Shelton-Mason County Journal - RSS Feed","local_news","news","https://www.masoncounty.com/rss","2026-08-26T15:38:36.912944Z","2026-08-20T14:44:00Z","West","WA","Mason County","53045"
"Mercer Island Reporter","Mercer Island Reporter","local_news","news","https://www.mi-reporter.com/feed/","2026-08-26T15:16:27.773307Z","2026-08-26T15:00:00Z","West","WA","King County","53033"
"North Kitsap Herald","All Stories - Kitsap County","local_news","news","http://feeds.soundpublishing.com/kitsapall","2026-08-26T04:43:10.066139Z",,"West","WA","Kitsap County","53035"
"Northern Kittitas County Tribune","Northern Kittitas County Tribune","local_news","news","https://nkctribune.com/feed/","2026-08-26T04:43:32.071556Z","2026-08-20T21:47:53Z","West","WA","Kittitas County","53037"
"Northwest Asian Weekly","Northwest Asian Weekly","local_news","news","https://nwasianweekly.com/feed/","2026-08-26T04:43:33.456816Z","2026-08-25T18:11:30Z","West","WA","King County","53033"
"Peninsula Daily News","Peninsula Daily News","local_news","news","https://www.peninsuladailynews.com/feed/","2026-08-26T15:16:30.584553Z","2026-08-26T08:30:00Z","West","WA","Clallam County","53009"
"Redmond Reporter","Redmond Reporter","local_news","news","https://www.redmond-reporter.com/feed/","2026-08-26T15:16:30.654126Z","2026-08-26T15:00:00Z","West","WA","King County","53033"
"Renton Reporter","Renton Reporter","local_news","news","https://www.rentonreporter.com/feed/","2026-08-26T15:16:36.146179Z","2026-08-26T15:00:00Z","West","WA","King County","53033"
"Seattle Times","The Seattle Times The Seattle Times","local_news","news","https://www.seattletimes.com/feed/","2026-08-26T15:06:15.312405Z","2026-08-26T14:58:04Z","West","WA","King County","53033"
"Seattle Weekly","Seattle Weekly","local_news","news","https://www.seattleweekly.com/feed/","2026-08-26T15:16:31.220986Z","2026-08-26T15:00:00Z","West","WA","King County","53033"
"Sequim Gazette","Sequim Gazette","local_news","news","https://www.sequimgazette.com/feed/","2026-08-26T15:16:31.911182Z","2026-08-26T13:30:00Z","West","WA","Clallam County","53009"
"Snoqualmie Valley Record","Snoqualmie Valley Record","local_news","news","https://www.valleyrecord.com/feed/","2026-08-26T15:16:32.327622Z","2026-08-26T15:00:00Z","West","WA","King County","53033"
"South Whidbey Record","South Whidbey Record","local_news","news","https://www.southwhidbeyrecord.com/feed/","2026-08-26T15:16:32.328150Z","2026-08-25T08:30:00Z","West","WA","Island County","53029"
"Stanwood Camano News","www.goskagit.com - RSS Results in scnews of type article","local_news","news","https://www.goskagit.com/search/?f=rss&t=article&c=scnews&l=50&s=start_time&sd=desc","2026-08-26T15:06:16.778924Z","2026-08-25T23:30:00Z","West","WA","Snohomish County","53061"
"Tacoma Daily Index","Tacoma Daily Index","local_news","news","https://www.tacomadailyindex.com/feed/","2026-08-26T04:43:53.506870Z","2026-08-25T08:30:00Z","West","WA","Pierce County","53053"
"The Observer","The Observer","local_news","news","https://cwuobserver.com/feed/","2026-08-26T04:43:54.654032Z","2026-07-29T15:47:51Z","West","WA","Kittitas County","53037"
"The Spectator Online","The Spectator","local_news","news","https://seattlespectator.com/feed/","2026-08-26T15:06:16.794527Z","2026-08-21T22:06:48Z","West","WA","King County","53033"
"The Stranger","The Stranger","local_news","news","https://www.thestranger.com/feed/","2026-08-26T04:43:54.658533Z","2026-08-25T19:21:09Z","West","WA","King County","53033"
"Vancouver Business Journal","Vancouver Business Journal","local_news","news","https://www.vbjusa.com/feed/","2026-08-26T15:38:41.506360Z","2026-08-21T08:00:00Z","West","WA","Clark County","53011"
"Waitsburg Times","The Times - RSS Feed","local_news","news","https://www.waitsburgtimes.com/rss","2026-08-26T15:38:44.443199Z","2026-08-22T12:49:00Z","West","WA","Walla Walla County","53071"
"Washington Blade","Washington Blade: LGBTQ News, Politics, LGBTQ Rights, Gay News","local_news","news","https://www.washingtonblade.com/feed/","2026-08-26T15:38:41.226125Z","2026-08-26T15:07:02Z","West","WA","King County","53033"
"Whidbey News-Times","Whidbey News-Times","local_news","news","https://www.whidbeynewstimes.com/feed/","2026-08-26T15:16:38.467604Z","2026-08-25T08:30:00Z","West","WA","Island County","53029"
"Advance-Titan","The Advance-Titan","local_news","news","https://advancetitan.com/feed","2026-08-26T15:06:16.910661Z","2026-08-18T16:00:58Z","Midwest","WI","Winnebago County","55139"
"Badger Herald","The Badger Herald","local_news","news","https://badgerherald.com/feed/","2026-08-26T04:43:56.369350Z","2026-08-25T20:25:26Z","Midwest","WI","Dane County","55025"
"BizTimes","BizTimes - Milwaukee Business News","local_news","news","https://biztimes.com/feed/","2026-08-26T04:44:04.039069Z","2026-08-26T02:33:54Z","Midwest","WI","Milwaukee County","55079"
"Courier-Wedge","GMD Media Inc. - The Link to Your Local News!","local_news","news","http://gmdmedia.net/rss.xml","2026-08-26T15:27:52.594455Z","2026-07-01T22:01:23Z","Midwest","WI","Pepin County","55091"
"Cumberland Advocate","Cumberland Advocate","local_news","news","http://www.cumberland-advocate.com/rss.xml","2026-08-26T15:06:26.286910Z","2026-08-20T13:49:44Z","Midwest","WI","Barron County","55005"
"Daily Telegram","Superior Telegram","local_news","news","https://www.superiortelegram.com/index.rss","2026-08-26T15:06:41.740988Z",,"Midwest","WI","Douglas County","55031"
"Dunn County News","chippewa.com - RSS Results in news/community/dunnconnect of type article","local_news","news","https://chippewa.com/search/?f=rss&t=article&c=news/community/dunnconnect&l=50&s=start_time&sd=desc","2026-08-26T15:06:33.539721Z","2026-08-23T12:05:00Z","Midwest","WI","Dunn County","55033"
"Hometown Newspapers (various)","Express News, Your Local News","local_news","news","https://discoverhometown.com/feed/","2026-08-26T15:06:41.791464Z","2026-08-23T01:44:36Z","Midwest","WI","Milwaukee County","55079"
"Isthmus","Isthmus: Madison news & culture since 1976","local_news","news","https://isthmus.com/api/rss/content.rss","2026-08-26T15:06:43.970110Z","2026-08-25T19:00:00Z","Midwest","WI","Dane County","55025"
"Kenosha News","Kenosha.com","local_news","news","https://www.kenosha.com/feed/","2026-08-26T15:06:49.930874Z","2026-08-25T18:23:51Z","Midwest","WI","Kenosha County","55059"
"La Crosse Tribune","lacrossetribune.com - RSS Results of type article with keyword(s) of #topstory","local_news","news","https://lacrossetribune.com/search/?f=rss&t=article&l=50&s=start_time&sd=desc&k%5B%5D=%23topstory","2026-08-26T15:06:48.745645Z","2026-07-27T09:45:00Z","Midwest","WI","La Crosse County","55063"
"Monroe Times","The Monroe Times","local_news","news","https://themonroetimes.com/rss/","2026-08-26T15:06:51.428782Z","2026-08-25T15:48:51Z","Midwest","WI","Green County","55045"
"Onion","The Onion","local_news","news","https://theonion.com/feed/","2026-08-26T15:06:52.154552Z","2026-08-26T13:00:00Z","Midwest","WI","Dane County","55025"
"Ozaukee Press","Ozaukee Press","local_news","news","https://www.ozaukeepress.com/rss.xml","2026-08-26T15:06:53.103218Z","2026-06-24T17:00:13Z","Midwest","WI","Ozaukee County","55089"
"Record Review","Central Wisconsin News","local_news","news","https://www.centralwinews.com/feed/","2026-08-26T15:16:46.804071Z","2026-08-21T19:49:16Z","Midwest","WI","Marathon County","55073"
"Review","Plymouth Review","local_news","news","https://www.plymouth-review.com/feed/","2026-08-26T15:16:47.459957Z","2026-08-20T00:04:05Z","Midwest","WI","Sheboygan County","55117"
"Shawano Leader","Shawano Leader","local_news","news","https://shawanoleader.com/feed/","2026-08-26T15:06:53.176752Z","2026-08-03T11:48:02Z","Midwest","WI","Shawano County","55115"
"Shepherd Express","Shepherd Express","local_news","news","https://shepherdexpress.com/api/rss/content.rss","2026-08-26T15:06:33.556340Z","2026-08-25T22:08:01Z","Midwest","WI","Milwaukee County","55079"
"Spanish Journal","Spanish Journal Network","local_news","news","https://www.spanishjournal.com/feed/","2026-08-26T04:44:16.628412Z","2026-08-04T01:23:53Z","Midwest","WI","Milwaukee County","55079"
"The Daily Reporter","The Daily Reporter - WI Construction News & Bids","local_news","news","https://dailyreporter.com/feed/","2026-08-26T15:06:56.852866Z","2026-08-25T18:16:21Z","Midwest","WI","Milwaukee County","55079"
"The Lawrentian","The Lawrentian","local_news","news","http://www.lawrentian.com/feed","2026-08-26T04:44:22.446373Z","2026-05-29T20:13:20Z","Midwest","WI","Outagamie County","55087"
"The UWM Post","UWM Post","local_news","news","https://uwmpost.com/feed","2026-08-26T04:44:23.291018Z","2026-08-25T15:18:36Z","Midwest","WI","Milwaukee County","55079"
"Tri-County News","Tri-County News","local_news","news","http://www.gmdmedia.net/taxonomy/term/92/all/feed","2026-08-26T04:44:24.034780Z","2026-07-31T16:05:11Z","Midwest","WI","Trempealeau County","55121"
"Tribune","Marquette Wire","local_news","news","https://marquettewire.org/feed/","2026-08-26T04:44:23.104555Z","2026-08-08T19:52:25Z","Midwest","WI","Milwaukee County","55079"
"Wisconsin Newspaper Association","Wisconsin NewsMedia Association","local_news","news","https://wnanews.com/feed/","2026-08-26T15:06:58.652441Z","2026-08-26T13:46:10Z","Midwest","WI","Dane County","55025"
"Braxton Citizens' News","www.wvnews.com - RSS Results in braxtonnews of type article","local_news","news","https://www.wvnews.com/search/?f=rss&t=article&c=braxtonnews&l=50&s=start_time&sd=desc","2026-08-26T15:06:56.901412Z","2026-08-25T15:00:00Z","South","WV","Braxton County","54007"
"Calhoun Chronicle","Calhoun Chronicle","local_news","news","https://calhounchronicle.com/feed/","2026-08-26T15:06:56.969802Z","2026-08-19T22:00:58Z","South","WV","Calhoun County","54013"
"Dominion Post","The Dominion Post","local_news","news","https://www.dominionpost.com/feed/","2026-08-26T15:16:55.174336Z","2026-08-26T15:13:36Z","South","WV","Monongalia County","54061"
"Grant County Press","Home","local_news","news","https://www.grantcountypress.com/index.php?option=com_content&view=featured&Itemid=101&format=feed&type=atom","2026-08-26T15:06:58.977123Z","2026-08-25T12:15:22Z","South","WV","Grant County","54023"
"Intelligencer","The Intelligencer","local_news","news","https://www.theintelligencer.net/feed/","2026-08-26T15:17:00.951595Z","2026-08-26T14:44:31Z","South","WV","Ohio County","54069"
"Inter-Mountain","The Intermountain","local_news","news","https://www.theintermountain.com/feed/","2026-08-26T15:17:01.544221Z","2026-08-26T04:12:57Z","South","WV","Randolph County","54083"
"Moorefield Examiner","Moorefield Examiner","local_news","news","http://moorefieldexaminer.com/feed/","2026-08-26T04:44:35.409919Z","2026-08-25T22:01:00Z","South","WV","Hardy County","54031"
"Morgan Messenger","Morgan Messenger","local_news","news","https://www.morganmessenger.com/feed/","2026-08-26T15:06:59.114484Z","2026-08-25T19:20:36Z","South","WV","Morgan County","54065"
"Mountain Messenger","Mountain Messenger","local_news","news","http://mountainmessenger.com/feed/","2026-08-26T04:44:32.403396Z","2026-08-24T05:00:57Z","South","WV","Greenbrier County","54025"
"News and Sentinel","News and Sentinel","local_news","news","https://www.newsandsentinel.com/feed/","2026-08-26T15:16:56.423328Z","2026-08-26T14:35:07Z","South","WV","Wood County","54107"
"Pocahontas Times","Pocahontas Times","local_news","news","https://pocahontastimes.com/feed/","2026-08-26T15:07:01.606987Z","2026-08-19T16:02:42Z","South","WV","Pocahontas County","54075"
"The Parthenon","The Parthenon","local_news","news","https://marshallparthenon.com/feed/","2026-08-26T15:07:02.589146Z","2026-08-25T17:19:13Z","South","WV","Cabell County","54011"
"The Picket","The Picket","local_news","news","http://supicket.com/feed/","2026-08-26T04:44:37.149726Z","2026-08-24T20:23:43Z","South","WV","Jefferson County","54037"
"WV Observer","ObserverWV","local_news","news","https://observerwv.com/feed/","2026-08-26T04:44:39.133934Z","2026-08-21T00:27:13Z","South","WV","Jefferson County","54037"
"Weirton Daily Times","Weirton Daily Times","local_news","news","https://www.weirtondailytimes.com/feed/","2026-08-26T15:17:02.423400Z","2026-08-26T13:21:04Z","South","WV","Hancock County","54029"
"West Virginia Press Association","West Virginia Press Association","local_news","news","https://wvpress.org/feed/","2026-08-26T15:07:01.758078Z","2026-08-25T15:32:50Z","South","WV","Kanawha County","54039"
"Campbell County Observer","Campbell County Observer","local_news","news","http://www.campbellcountyobserver.net/feed/","2026-08-26T15:07:00.601117Z","2026-08-26T10:00:00Z","West","WY","Campbell County","56005"
"Green River Star","Green River Star - RSS Feed","local_news","news","https://www.greenriverstar.com/rss","2026-08-26T15:39:00.367038Z","2026-08-20T13:17:00Z","West","WY","Sweetwater County","56037"
"Northern Wyoming Daily News","Northern Wyoming News - RSS Feed","local_news","news","https://www.wyodaily.com/rss","2026-08-26T15:39:05.931357Z","2026-08-12T14:50:00Z","West","WY","Washakie County","56043"
"Rocket Miner","www.wyomingnews.com - RSS Results in rocketminer of type article","local_news","news","http://www.wyomingnews.com/search/?f=rss&t=article&c=rocketminer&l=50&s=start_time&sd=desc","2026-08-26T15:07:04.739932Z","2026-08-26T14:00:00Z","West","WY","Sweetwater County","56037"
"Sheridan Media","Sheridan Media","local_news","news","https://sheridanmedia.com/feed/","2026-08-26T15:07:04.780823Z","2026-08-26T14:57:44Z","West","WY","Sheridan County","56033"
"Wyoming Livestock Roundup","Wyoming Livestock Roundup","local_news","news","https://www.wylr.net/feed/","2026-08-26T15:07:05.856937Z","2026-08-21T15:47:26Z","West","WY","Natrona County","56025"
